date,time,tweet,BUENO,NEUTRAL,MALO,QUEJA,AYUDA ,AGRADECIMIENTO,OUTSTANDING ,TÓPICO 
2023-01-01,,"Resuelto, muchísimas gracias , excelente servicio como siempre",1,,,,,1,1,SERVICIO
2023-01-02,,"Muchas gracias, espero su dm",1,,,,,1,,
2023-01-02,,Muchas gracias!,1,,,,,1,,
2023-01-02,,Algo similar me paso. Quería renovar mi token para poder hacer una transferencia antes de cerrar la cuenta y wow. Fue más fácil sacar el dinero por ventanilla.,,,1,1,,,,SERVICIO
2023-01-02,,Yeeeei! a través de mi cuenta en acabo de contratar mi cuenta de ahorro con mi reto de 2023 para tener 25 mil pesos al final del año. Tiene una súper herramienta para domiciliar a mi cuenta eje y así ahorrar disciplinadamente cada semana! Vamos !!! 💪🏼💰,1,,,,,,1,SERVICIO
2023-01-02,,Esta es la señal que necesitan para tener el mínimo dinero en banamex,1,,,,,,,COMPETENCIA
2023-01-03,,Gracias 😁,1,,,,,1,,
2023-01-03,,Muchas gracias 😊,1,,,,,1,,
2023-01-03,,"Yo no sé mucho, pero te recomiendo la Inversión de . De los mejores rendimientos que he visto, y plazo a 7 días. También el de está chingón, pero tienen un límite de 20k en inversón.",1,,,,,,1,SERVICIO
2023-01-04,,Gracias por la playera que me dieron en Galerías GDL.,1,,,,,1,,EVENTOS
2023-01-04,,buen día...tengo problemas con mi cuenta,,,1,1,,,,SERVICIO
2023-01-05,,Gracias,1,,,,,1,,
2023-01-05,,Mis Respetos para ustedes... Gracias por el servicio 🙌🏻,1,,,,,1,1,SERVICIO
2023-01-05,,"Si ya la bloquee y desbloquee y pude hacer el deposito en oxxo, gracias",1,,,,,1,,SERVICIO
2023-01-06,,"Ya todo bien, gracias 👍",1,,,,,1,,
2023-01-06,,Milagro que me gano algo 🫶🏻,1,,,,,,,
2023-01-06,,Siii amigo jajaja está muy padre y puedes inveir y te da buen rendimiento 🌚,1,,,,,,1,SERVICIO
2023-01-06,,nunca había ganado nada antes ✨ hahaha,1,,,,,,,
2023-01-06,,Con el CashBack de pude pagar mi servicio de internet. yei :),1,,,,,,,SERVICIO
2023-01-07,,Gracias!!!,1,,,,,1,,
2023-01-07,,"Listo, gracias",1,,,,,1,,
2023-01-07,,Si gracias,1,,,,,1,,
2023-01-08,,A mí me llegó una semana después aprox,,1,,,,,,
2023-01-09,,hola buen día tengo algunas dudas con mi cuenta podrían ponerse en contacto... Muchas gracias..,,1,,,1,,,SERVICIO
2023-01-10,,Muchas gracias!,1,,,,,1,,
2023-01-10,,Muchas gracias 🙏,1,,,,,1,,
2023-01-10,,"Bloquea la tarjeta 5 minutos o más, posteriomente la vuelves a desbloquear y ya la agregas. Esa es la solución, me confirmas con un tweet por favor.",,1,,,,,,
2023-01-10,,"Es de 35,000 UDIS (184,000).De todas las plataformas en las que he inveido las mejores son Finsus y cetes para largo plazo y HeyBanco es para mi la mejor opción para tu fondo de emergencia , ya que tienes liquidez semanal. En Finsus tengo al rededor del 90% de mi poafolio.",1,,,,,,1,COMPETENCIA
2023-01-11,,Excelente Gracias por responder 🙏 estaremos muy atentos 🤝,1,,,,,1,,
2023-01-11,,"Pues bueno, me quedé sin cena, muchas gracias 👍",,,1,1,,,,
2023-01-11,,"Gracias e igualmente, bendiciones 🙏",1,,,,,1,,
2023-01-11,,Vale estoy esperando,,1,,,,,,
2023-01-11,,Muchas gracias espero la respuesta,1,,,,,1,,
2023-01-13,,Me gané 99 pesitos de crédito en Amazon coesía de Qué agradables sujetos 😁,1,,,,,1,,
2023-01-13,,es mejor,,1,,,,,,
2023-01-13,,Contéstenme por favor,,1,,1,1,,,
2023-01-14,,Muchas gracias que amables 😊,1,,,,,1,,
2023-01-14,,"heybanco muchos años como cliente de bancomer y me encontre con y la verdad estoy muy agusto con los servicios, la app y las tarjetas debito y credito",1,,,,,1,,SERVICIO
2023-01-14,,amigos les mandé dm gracias,,1,,,,,,
2023-01-14,,solicito su ayuda gracias,,1,,,1,,,
2023-01-15,,Gracias!Ya respondí.Quedo atenta,1,1,,,,1,,
2023-01-16,,Va gracias,1,,,,,1,,
2023-01-16,,No sé ni a qué le piqué pero muchas gracias😂❤️,1,,,,,1,,
2023-01-16,,"Planeación de temporada 2023 de los equipos, gracias a por la ocnfianza desde el día 1 y se viene la bomba de patrocinio con vamos por el doblete!!!}@DavilaCarloss",,1,,,,,,
2023-01-16,,Por eso son mi banco 1 ⭐⭐⭐⭐⭐,1,,,,,,1,
2023-01-17,,Gracias,1,,,,,1,,
2023-01-17,,Thanks!,1,,,,,1,,
2023-01-17,,Muchas gracias!,1,,,,,1,,
2023-01-17,,"Muchas gracias, me ayudó lo suficiente, el cargo ya no procedió, se poaron muy bn aun cuando no me pude comunicar por teléfono, fueron muy amables, mil gracias por su interés se hizo cargo de todo",1,,,,,1,1,SERVICIO
2023-01-17,,"Increíble, gracias HeyBanco!!@heybanco",1,,,,,1,,
2023-01-17,,Me contestaron que sí.,,1,,,,,,
2023-01-18,,Gracias,1,,,,,1,,
2023-01-18,,Gracias!,1,,,,,1,,
2023-01-18,,Graciaaas.,1,,,,,1,,
2023-01-18,,"Gracias por estar al pendiente,estoy segura que se va a poner las pilas para que lleguen los incentivos, si no estaré pidiendo su apoyo.",1,,,,,1,,
2023-01-18,,"💰La sexta opción está opción es de las mejores, su pagaré a 7 días es el mejor del mercado con tasa del 10% anual solo que la inversión aquí es desde $5,000, tiene un plan de metas que te dan rendimiento a mes vencido del 4% y tú dinero disponible en cualquier momento",1,,,,,,,COMPETENCIA
2023-01-18,,🇬🇹 qué buena onda por vos David 👏👏 a disfrutarlo!!!,,1,,,,,,
2023-01-19,,¡Gracias,1,,,,,1,,
2023-01-19,,"¡Hola!, me pueden apoyar por favor 😬",,1,,,1,,,
2023-01-19,,"Eso se agradece, el aviso 👏🏼👏🏼👏🏼👏🏼👏🏼",1,,,,,1,,
2023-01-19,,"Gracias, ya se ve reflejado. Solucionado. Gracias",1,,,,,1,,
2023-01-20,,"Listo, gracias!",1,,,,,1,,
2023-01-20,,Muchas gracias!,1,,,,,1,,
2023-01-20,,Los tkm ♥️,1,,,,,,,
2023-01-20,,"Coesía de Anímense a sacar cuenta de Hey, muchas gracias por el regalo c:@nei_aokii",1,,,,,1,,
2023-01-20,,Cof cof también ❤️❤️,1,,,,,,,
2023-01-20,,te lo súper recomiendo. Y no te cobran el plástico.,1,,,,,,,SERVICIO
2023-01-20,,"Afounadamente, en México tenemos , que nos da el 10% de lo que tenemos en la cuenta! 👌🏼",1,,,,,,,SERVICIO
2023-01-21,,"Muchas gracias por darme respuesta, ya se solucionó mi problema, excelente día!",1,,,,,1,,
2023-01-23,,Gracias !,1,,,,,1,,
2023-01-23,,"Muchas gracias, el equipo de me ayudó a resolver el problema y me dieron la recompensa que gané.",1,,,,,1,,
2023-01-23,,Gracias ! Este mes me tocó boletoDorado,1,,,,,1,,
2023-01-23,,Bello!,1,,,,,,,
2023-01-23,,Aún hay esperanza.. congrats !!,1,,,,,,,
2023-01-24,,Gracias 😊😊😊,1,,,,,1,,
2023-01-24,,Gracias.,1,,,,,1,,
2023-01-24,,Muchas gracias 👌👌,1,,,,,1,,
2023-01-24,,Gracias por mi premio de boletodorado ya canjee mi tarjeta de regalo,1,,,,,1,,
2023-01-24,,Tío gracias por mi boleto Dorado. Ya por fin me tocó algo.,1,,,,,1,,
2023-01-24,,No mames que buena suee!,,1,,,,,,
2023-01-24,,"segundo premio, espero lleguen más",1,,,,,,,
2023-01-25,,Gracias!!!,1,,,,,1,,
2023-01-25,,Gracias ☺️,1,,,,,1,,
2023-01-25,,"Hola, esto nos beneficia a los usuarios de",,1,,,,,,
2023-01-26,,Gracias por el apoyo con el seguimiento,1,,,,,1,,
2023-01-26,,Gracias tio hey! Esto nos ayuda bastante.,1,,,,,1,,
2023-01-26,,Muchas gracias Un mes gratis de,1,,,,,1,,
2023-01-27,,Muchísimas gracias ya me resolvió. Saludos!,1,,,,,1,,SERVICIO
2023-01-27,,Vale gracias 😃,1,,,,,1,,
2023-01-27,,Ya funcionó. Como que se cayo sólo por unos segundos. Estuvo raro. Muchas gracias,1,,,,,1,,
2023-01-27,,Hola les escribí por DM porque tengo un par de dudas con la TDC.Gracias.,1,,,,1,,,
2023-01-27,,Gracias por ser pae de el FC Barcelona,,1,,,,,,
2023-01-27,,cuando me darán un crédito tradicional ya llevo más de un año con una tarjeta de credito en garantía y he cumplido con mis pagos en tiempo y forma,,,1,1,,,,SERVICIO
2023-01-28,,Ok gracias,1,,,,,1,,
2023-01-28,,"Despues de estar 1 año probando la tarjeta de Crédito de puedo decir que es muy buena y ni hablar de la cuenta de débito, realmente en temas de seguridad en transacciones, MUY TOP. tqm Hey.",1,,,,,,1,SERVICIO
2023-01-28,,"Amistad, usa si usas tu tarjeta 6 veces al mes en compras de $100 pesos te vuelves “HeyPro” y tu inversión te da un rendimiento de 10% anual que está súper súper bien con comparación a otros bancos o inveir a 25 años con Allianz a mi me explicó mi prima y suena rebien",1,,,,,,1,COMPETENCIA
2023-01-28,,Excelente,1,,,,,,,
2023-01-29,,Me gane 2 premios,1,,,,,,,
2023-01-29,,Amiga explícame!!!,,1,,,,,,
2023-01-30,,Muchas gracias por la información!,1,,,,,1,,
2023-01-30,,ThankU!,1,,,,,1,,
2023-01-30,,"Vientos, gracias",1,,,,,1,,
2023-01-30,,me encantaria presumir mi premio de boleto dorado... Si tan solo existiera...,,1,,,,,,
2023-01-31,,me pueden proporcionar el link para invitar a más gente y tener mi beneficio.Gracias,,1,,,1,,,
2023-02-01,,Gracias 👏🏼,1,,,,,1,,
2023-02-01,,"Gracias, lo checo",1,,,,,,,
2023-02-01,,¿Ya no habrá Viaje Financiero del 2022?😣 estaba muy buena esa información,,1,,,1,,,
2023-02-01,,Gracias por el dato y cómo fue soeo 👀?,1,,,,,1,,
2023-02-01,,"Buen día, como me.pueden ayudar ya que me realizaron un deposito a mi cuenta de credito pero lo necesito a la de crédito",,1,,,1,,,SERVICIO
2023-02-02,,Muchas gracias,1,,,,,1,,
2023-02-02,,Gracias ya se solucionó. Buenas tardes,1,,,,,1,,
2023-02-02,,Lo realizaré.Gracias.,1,,,,,1,,
2023-02-02,,En Diciembre me gane una tarjeta de regalo en Amazon con el ticket dorado de HeyBanco y me compre esto:*se emociona en señora*,1,,,,,1,1,EVENTOS
2023-02-03,,Me funcionó mil gracias,1,,,,,1,,
2023-02-03,,Gracias pero no es necesario. es una buena opción. Hasta el momento no he tenido problemas graves con ellos solo es adaptarme a sus procesos. Pero aún así creo que van por buen camino. Aunque en ocasiones me hagan enojar,1,,,,,1,,
2023-02-04,,Mmm. te da el rendimiento del 10% Es buena opción.,1,,,,,,,SERVICIO
2023-02-04,,Gracias por mi aumento de crédito en mi tarjeta 💳!! Muy contenta con sus servicios! ♥️,1,,,,,1,1,SERVICIO
2023-02-05,,Hablando de Ajolotes el banco sacara esta tarjeta y me encanto.. 👌🏼😊,1,,,,,,,
2023-02-07,,"sería la mejor TDC si se pudiera realizar pagos por adelantado en los meses sin intereses como en otras cuentas, siendo una opción excelente para muchos usuarios",,1,,,,,,
2023-02-08,,"Casi me rindo cuando no obtuve ayuda del equipo de sopoe, afounadamente alguien aquí me refirió a en twitter Envíale un mensaje privado y me lo arregló, todo gracias a él, contáctalo ahora.",,,1,,,,,SERVICIO
2023-02-08,,Gracias por ser el mejor banco ✨,1,,,,,1,1,
2023-02-10,,"HeyBanco tiene pagarés semanales con 10% anual. O sea, a la semana ya obtienes rendimientos y eso lo puedes reinveir en el siguiente pagaré (de forma automática). Como generas interés compuesto muy rápido, es muchísimo mejor que el 11% anual de CETES.",1,,,,,,1,COMPETENCIA
2023-02-11,,gracias,1,,,,,1,,
2023-02-11,,Solucionado. Gracias.,1,,,,,1,,
2023-02-11,,"Alch, hechate unas investigadas de CETES, GMB y Hey+. CETES si ocupas investigar chido pero es muy seguro y Hey+ con HeyBanco es dinero seguro y rapido pero poco.",1,,,,,,,COMPETENCIA
2023-02-11,,Excelente servicio de atención a clientes en HeyBanco 10/10,1,,,,,,1,SERVICIO
2023-02-11,,Por primera vez gané algo en el boleto dorado de mi d'Or los quiero mucho 🥰🖤,1,,,,,,,EVENTOS
2023-02-13,,Ok muchas gracias 😊,1,,,,,1,,
2023-02-13,,Gracias. Porque tengo una duda,1,,,,,,,
2023-02-13,,¡Gracias a ti por formar pae de esta gran familia!,1,,,,,,,
2023-02-13,,"Después de lo de hoy, la vida y mi banco favorito dijeron: ten un tarjeta de regalo para que te eches un Starbucks y te relajes un rato.",1,,,,,,1,
2023-02-14,,100 % recomendado la vdd,1,,,,,,1,
2023-02-14,,Para ver si eres fit y viable para seguros de vida! XD,,1,,,,,,
2023-02-14,,"Que interesante lo que encontré en los permisos que utiliza la aplicación de ⁦@heybanco⁩, estaba activada, como para que lo necesitan?",1,,,,,,,
2023-02-15,,😒 Gracias 😊,1,,,,,1,,
2023-02-15,,Hola intenta en el teléfono o correo de la imagen. (Con la app la verdad yo no he tenido problemas),1,,,,,,,
2023-02-15,,hola ocupo ayuda con el cambio de número de celular y con mi token,,1,,,1,,,
2023-02-16,,"Yo la eh pensado cambiar mi nomina con ellos, la tengo con y muy agusto.Que bueno que me dicen para no sacar tarjeta ahí",1,,,,,,,
2023-02-16,,"gracias!!!! ahora, vi algo en relacion a transferencias internacionales... donde veo información?",1,,,,1,,,
2023-02-16,,"Pues más vale, la verdad",,1,,,,,,
2023-02-16,,Ya está todo listo..,,1,,,,,,
2023-02-17,,Me acaba de llegar la constancia fiscal de y el año pasado gané $2400 nomas de tener mi dinero guardado con ellos. 10/10,1,,,,,,1,SERVICIO
2023-02-17,,Jamás al menos la amex la primera anualidad es gratis y te da beneficios por compras el primer año y bonos.,,1,,,,,,COMPETENCIA
2023-02-17,,"Gracias por la respuesta, estaré al pendiente",1,,,,,1,,
2023-02-18,,Hola buenas tardes,,1,,,,,,
2023-02-18,,"Buen día, muchas gracias! Ya respondí al DM. Me tardé porque pensé que no respondían en la noche hehe",,1,,,,1,,
2023-02-20,,Gracias,1,,,,,1,,
2023-02-20,,Tqm gracias por poner retiros en cajeros hsbc es el q tengo más cerquita,1,,,,,1,,
2023-02-21,,Hola!!!,,1,,,,,,
2023-02-23,,Saludos a,,1,,,,,,
2023-02-23,,"real esa tarjeta es la neta, en general el banco es 10/10",1,,,,,,1,
2023-02-23,,":o si tengo cuenta pero nunca pedí la física, la pediré. Gracias por la recomendación 🥰🤘🏻",1,,,,,,,
2023-02-23,,como puedo inveir con ustedes y como se genera las ganancias para uno,1,,,,1,,,SERVICIO
2023-02-24,,Que bueno que perdí mi tarjeta porque necesitaba una nueva con este diseño.,1,,,,,,,
2023-02-24,,.@heybanco tqm 🫶 no solo es de los mejores bancos con su producto TDC o pagarés bancarios (inveir). Además sabe que ando de foráneo y me regalo dinerito en Amazon 😌con mi boleto dorado,1,,,,,,1,EVENTOS
2023-02-24,,"Hola buen día, Al solicitar una tarjeta con diseño nuevo tengo que utilizarla?Recién esta por llegarme la metálica, sin embargo me atraen mucho los diseños como coleccionable… y no quisiera pedir una y perder la metal🤔",,1,,,1,,,
2023-02-25,,"Gracias, hasta ahorita los amo 💙",1,,,,,1,,
2023-02-26,,Gracias bro,1,,,,,1,,
2023-02-26,,"Gracias, ya lo envié.",1,,,,,1,,
2023-02-26,,"Gracias por responder, quedo en espera de la solución al problema.",1,,,,,1,,
2023-02-26,,yo hice varias transferencias hace rato y todo bien,1,,,,,,,
2023-02-26,,A veces sólo es cuestión de limpiar el chip antes de pasarla! Así he solucionado el inconveniente,1,,,,,,,
2023-02-26,,Estoy muy contesta de compairles esta colaboración que hice con Hey Banco,1,,,,,,,
2023-02-26,,"Ah ya, gracias, mencionas lo evidente sin nada de relevancia, excelente comentario.",,,1,,,,,
2023-02-26,,“Agradecemos tu comprensión” jaja increíble,,,1,,,,,
2023-02-26,,Es correcto. De BBVA a BBVA sin problemas. Ya en Hey avisaron que hasta las 7 aproximadamente.,,1,,,,,,
2023-02-27,,Gracias ya les respondí,1,,,,,1,,
2023-02-27,,Listo!! Gracias,1,,,,,1,,
2023-02-27,,Perfecto! Gracias ☺️,1,,,,,1,,
2023-02-27,,Pero que tremenda sabiduría 👏 me quede anonadado con este mensaje yo creía que la cantidad que ponía de garantía se utilizaba para los niños sin alimento o para los indigentes y que con eso ya después te entregaban una tarjeta de crédito 💳 😱 que tremenda explicación,1,,,,,,,
2023-02-27,,Esta padrisima la tarjeta!!,1,,,,,,1,
2023-02-27,,"Está muy bonito, me hace considerar adquirir la tarjeta",1,,,,,,,
2023-02-27,,Gracias. Ya le mande todos mis datos de mi tarjeta.,1,,,,,1,,
2023-02-27,,"Sí, sin problema:D",,1,,,,,,
2023-02-27,,"No es problema de ,es ellos son los que tienen la falla. Dalay.",,,1,,,,,
2023-02-27,,"Pf…. Sigues con Intermitencias… y solo Hey Banco, BBVA sin problema.",,,1,1,,,,
2023-02-27,,"La primera no había sido la de chichen itza ?Estoy esperando esa, pero este modelo está bonito también.",,1,,,,,,
2023-02-27,,"Tengo BBVA y Bancoppel, las dos trabajan a la perfección.",,1,,,,,,COMPETENCIA
2023-02-27,,Entiendo le agradezco el comentario y como sugerencia me gustaría recibir una notificación correo o texto de que el servicio no estará disponible para no caer en esta situación ya que me sirve de mucha utilidad la tarjeta y me gustaría seguir con ustedes.,1,,,,1,,,
2023-02-27,,Que bien! 👍🏼,1,,,,,,,
2023-02-28,,"Me siento poderosa !!! Gracias , estoy muy contenta !!!!🐝✨👑",1,,,,,,1,
2023-02-28,,Esta bien,1,,,,,,,
2023-02-28,,"Yo la tengo y es una maravilla, Servicio eficiente y la app de primera. ¡¡¡Altamente recomendable!!!!!",1,,,,,,1,SERVICIO
2023-02-28,,"Ay no, yo ya tengo la mia y ese diseño esta super cool !!!",1,,,,,,,
2023-03-01,,"Animense, ya casi un año con la tarjeta de credito heygarantizada y sin problemas, incluyendo en el extranjero",1,,,,,,1,
2023-03-02,,"Gracias, según recuerdo esto ya lo había hecho el día que la fuí a activar pero volveré a hacerlo tanto para la TDD cómo la TDC, gracias:)",1,,,,,1,,
2023-03-02,,Mucho exito! heybanco,1,,,,,,,
2023-03-02,,. recomendadísimas 👌(pd. YoTePresto y 100Ladrillos HechoEnJalisco),1,,,,,,1,
2023-03-03,,"Hola muchas gracias por su respuesta en DM👌, con lo que me indicaron ya logre hacer el movimiento que requeria",1,,,,,1,,
2023-03-03,,¡Manifiesto!✨️ Hoy fui y salí enmoradísima. Me subí y así casi que me voy a dar una vuelta ¡Hermosisimo el carro! ¡Háganme la buena!❤️‍🔥🙏💕,1,,,,,,1,
2023-03-03,,"Se resolvió con la actualización de la app, gracias. También me sirvió el DM 👌🏼",1,,,,,1,,
2023-03-03,,Ustedes son mi banco y la verdad lo estan haciendo muy bien!,1,,,,,,1,
2023-03-03,,Definitivamente👆🏽,,1,,,,,,
2023-03-04,,Gracias por secuestrar la plata en Ahorro 🤦‍♂️Bitcoin fixes this... literalmente eso me salva 🙄,,,1,1,,,,
2023-03-04,,Gracias la transferencia fue aplicada al día siguiente,1,,,,,1,,
2023-03-06,,"Gracias, ya lo resolví jajaja, me equivoqué",1,,,,,,,
2023-03-06,,Quedó aclarado el tema. Gracias.,1,,,,,1,,
2023-03-07,,Bank run!!!,,1,,,,,,
2023-03-07,,Les respondí por privado. Saludos!,,1,,,,,,
2023-03-07,,eso es bueno saberlo,,1,,,,,,
2023-03-08,,Gracias por la información 🙏,1,,,,,1,,
2023-03-08,,Gracias!,1,,,,,1,,
2023-03-08,,Listo!!!,,1,,,,,,
2023-03-08,,"Así te da la bienvenida a tu tarjeta de Metal, aún sin beneficios adicionales 🫠",,,1,1,,,,SERVICIO
2023-03-08,,"Se cayó la app de todo ha sido una buena experiencia con ustedes, no me fallen cuando se les necesita",1,,,,,,,
2023-03-08,,La verdad es menos tedioso el proceso de hablar con alguien en me agrada mucho la experiencia.,1,,,,,,,SERVICIO
2023-03-09,,"Gracias, ya les contesté",1,,,,,1,,
2023-03-09,,ayuda!!!,,1,,,1,,,
2023-03-09,,"Si gracias, les volví a contestar hace un par de horas",1,,,,,1,,
2023-03-09,,"Fue más rápido marcar, tuve que hacer una caa de hechos en donde ponía los datos que quería cambiar y ya lo hicieron, por fin pude instalar el Token. el chico que me atendió súper bueno y amable! Se llama Christhian Hernández ❤️",1,,,,,,1,
2023-03-10,,"me avisan si van a la quiebra, para sacar mi dinero de inversión a 7 días porfas y muchas gracias de antemano los amo ✨❤️‍🔥",,1,,,,,,
2023-03-11,,"Yeah, son los mejores a pesar del veto",,1,,,,,,
2023-03-12,,Muchas gracias!,1,,,,,1,,
2023-03-12,,"solucionado, muchas gracias 🫶🏼",1,,,,,1,,
2023-03-12,,Ya se puede,1,,,,,,,
2023-03-13,,Gracias!,1,,,,,1,,
2023-03-13,,Gracias :),1,,,,,1,,
2023-03-13,,"Me siguen hablando en horario laboral.El que su personal de DHL descuide su trabajo, no significa que yo tenga que descuidar el mío.Si me van a hablar, que sea después de las 15 hrs o 3 pm.Agradezco que ésta vez si lean mi horario y me hablen cuando puedo atender el teléfono.",,,1,1,,,,
2023-03-13,,Exacto puntos lealtad que solo se cambian en su tiendaPor lo menos en Santander si tienda tenía tecnología y aículos para el hogar Mejor que lo cambien por más cashback,,,1,1,,,,COMPETENCIA
2023-03-13,,Verdaderamente el mejor banco que hay 💖✨ los tqm mucho 🤠,1,,,,,,1,
2023-03-13,,"Bueno, es que yo si pude ya.",,1,,,,,,
2023-03-13,,Excelente!!,1,,,,,,,
2023-03-13,,Excelente,1,,,,,,,
2023-03-13,,Muy bien excelente,1,,,,,,,
2023-03-13,,"Me gane un mes de Spotify y no soy usuario 😄, mejor que me cambien mi tarjeta, me gusta más la blanca del negocio. 😁",,1,,1,,,,
2023-03-13,,es excelente! Yo eh trabajo varios años con ellos y todo perfecto,1,,,,,,1,
2023-03-14,,Super! Ojalá que esto pueda ser corregido en la app entonces. Apareció así hace unos días de repente. Gracias!Cc.,1,,,,,1,,
2023-03-14,,Wooow que emoción,1,,,,,,,
2023-03-14,,🥳 Nunca me gano nada.Pero hoy empeze bien mi día 👍🏻,1,,,,,,,
2023-03-14,,Exito🏳️‍🌈🏳️‍🌈,1,,,,,,,
2023-03-15,,"Ya les contesté, gracias",,1,,,,1,,
2023-03-15,,Listos !!!!!!!!,,1,,,,,,
2023-03-15,,"Gracias ya los conocí, los use, y hoy los dejo, definitivamente no son lo mio, pero si los recomiendo! 👍 Bancos fintech mexicano",,,1,,,,,
2023-03-15,,"Cámbiate a HeyBanco, hasta el momento es la mejor que he probado. Te dan 2% de todo lo que gastas, y es dinero gratis si eres como yo que siempre paga a tiempo y nunca paga intereses.",1,,,,,,1,
2023-03-15,,Wwwooowww que maravilla felicidades y por supuesto que ahí estaré para disfrutar de mi Chica Dorada,1,,,,,,1,EVENTOS
2023-03-15,,En verdad les agradezco ya que no tengo la tarjeta de débito y la necesito,,,1,1,,,,
2023-03-16,,Muchas gracias por la información ahí nos vemos el 3 de Junio,1,,,,,1,,
2023-03-16,,Pues bueno... xd,,1,,,,,,
2023-03-16,,Es una DJ increíble,,1,,,,,,
2023-03-16,,Muchas graciasQuedo en esperaSaludos.,1,,,,,1,,
2023-03-16,,Un festival 100% tercermundista. ¡Felicidades!,,,1,1,,,,EVENTOS
2023-03-16,,La Supermana hermosa 💕,,1,,,,,,
2023-03-17,,Gracias por el seguimiento!,1,,,,,1,,
2023-03-17,,mi primera tdc 💳💓 thx,1,,,,,1,,
2023-03-17,,Gracias por su respuesta,1,,,,,1,,SERVICIO
2023-03-17,,"Gracias, espero su pronta respuesta de agradecimiento",1,,,,,1,,
2023-03-17,,Estoy sorprendido como permite que se organicen esas cosas. 🤮,,,1,1,,,,
2023-03-18,,"Gracias, como siempre super buena y rápida, la atención de su pae.",1,,,,,,,
2023-03-19,,Muchas gracias :),1,,,,,1,,
2023-03-21,,"Hola Quiero decirles que muchas gracias por el seguimiento a mi problema sobre el Token, ya quedo resuelto Muy buena atención, al final no fue problema de pae suya sino de mi operadora Saludos.",1,,,,,,1,
2023-03-22,,Gracias,1,,,,,1,,
2023-03-22,,Hey ya no nos hagan sufrir más a los de la dinámica de tikitoki jajaja 😭💖,,1,,,,,,
2023-03-23,,Que tal buen dia. Necesito ayuda.,,1,,,1,,,
2023-03-23,,"Excelente servicio en atención a clientes 🫶🏻, nunca cambien! ❤️",1,,,,,,1,SERVICIO
2023-03-23,,OJITO ahí con las dinámicas de el día de hoy gane una dinámica para un abono del pal noe en donde me etiqueta…,1,,,,,,,
2023-03-24,,Saludos bro. Gracias por ver los vídeos.,1,,,,,1,,
2023-03-24,,Gracias!,1,,,,,1,,
2023-03-24,,"Gracias, tocayo. Soy tu fan. ;)",1,,,,,1,,
2023-03-24,,¡Hola! Permíteme conocer más de tu caso vía mensaje privado para poder dae la atención necesaria y rápida. ¡Saludos!,,1,,,,,,
2023-03-24,,OJITO ahí con las dinámicas de el día de hoy gane una dinámica para un abono del pal noe en donde me etiqueta…,1,,,,,,,
2023-03-24,,o fácil,,1,,,,,,
2023-03-25,,Gracias,1,,,,,1,,
2023-03-25,,"Hola! Ntp después de otros intentos me pudieron asistir, gracias!",1,,,,,1,,
2023-03-26,,Si la anualidad es de $999. Si juntas $100k estas libre de la anualidad. Mucho mejor que ese pedazo de metal VISA Standard,1,,,,,,1,COMPETENCIA
2023-03-26,,"exacto, todas son duales",,1,,,,,,
2023-03-26,,Por eso Fondeadora Metal es World Elite;),,,1,,,,,COMPETENCIA
2023-03-28,,Ok gracias,1,,,,,1,,
2023-03-28,,"Gracias a Dios, JAJAJA.",,1,,,,,,
2023-03-28,,igual a mi con amazon.,,1,,,,,,
2023-03-28,,This is the oppounity of a lifetime! Gotta watch this web3 developer's MEV strategy video and learn how to make some serious cash with crypto.,,1,,,,,,
2023-03-28,,"Ese hombre merece que le mandes además de tan grata felicitación una foto especial, única y sin censura autografiada x la Diosa de TW.",,1,,,,,,
2023-03-28,,Que Dios le pague con muchos hijos.,,1,,,,1,,
2023-03-28,,Mándamela a mi!! Yo se la hago llegar !! Jajaja. Chido que te resolvió !,1,,,,,,,
2023-03-28,,Le mando un beso tronado y apretón de nalga a Ángel Argüello de que en dos horas me resolvió un asunto que llevaba 59 días estancado. Agradecida con el de abajo 🥺,1,,,,,,1,
2023-03-29,,"No te había dicho que conozco a Angel, pero es muy tímido, si gustas yo le hago llegar el presente",,1,,,,,,
2023-03-29,,"Gracias, ya recibí el código 👍",1,,,,,1,,
2023-03-29,,Ser agradecida. Y si es con el de abajo mejor...,,1,,,,,,
2023-03-29,,"también agradezco mucho a las personas que han querido hacer donaciones para el vestuario, sin duda lo agradezco y aprecio enormemente; si ustedes gustan donar algo pueden hacerlo a la clabe 058597000024431851 en HeyBanco a nombre de Noris Vargas G. (Sin embargo también pueden",,1,,,,,,
2023-03-29,,Jajaja muy bien!,,1,,,,,,
2023-03-29,,OJITO ahí con las dinámicas de el día de hoy gane una dinámica para un abono del pal noe en donde me etiqueta…,1,,,,,,,
2023-03-29,,Amigues por primera vez en mi vida gane una dinámica JAJAJAJAJA Gracias no gane el pastel pero si esta dinámica ✨,1,,,,,1,,EVENTOS
2023-03-30,,Teniendo tantas juntas de Cashback y viendo los beneficios me dan ganas de sacar mis tarjetas de &amp;,1,,,,,,,
2023-03-30,,"también agradezco mucho a las personas que han querido hacer donaciones para el vestuario, sin duda lo agradezco y aprecio…",,1,,,,,,
2023-03-31,,"Gracias, supongo que es así por semana santa, correcto? Saludos!",,1,,,,,,
2023-03-31,,"Gracias, estaré pendiente a qué me responda",,1,,,,1,,
2023-03-31,,"Es que hay un secreto para que te contesten rápido, te lo cuento cuando estemos bebiendo y no, ojalá me paguen, me resuelven súper rápido.",,1,,,,,,
2023-04-01,,Muchas gracias!,1,,,,,1,,
2023-04-01,,Muchas gracias ya me comuniqué y me dieron folio de seguimiento respecto a mi situación y estoy en espera que me revuelva lo antes posible!,1,,,,,1,,
2023-04-03,,Gracias a Tamos readys en PalNoe 🦁,1,,,,,1,,EVENTOS
2023-04-03,,"Bueno, intento más tarde, muchas gracias, Maite!! Un gusto saludae☺️",,1,,,,,,
2023-04-03,,"Habla al número que está en la tarjeta, yo lo hice así y no tuve ningún problema en españa ;)",,1,,,,,,
2023-04-03,,This web3 developer's MEV strategy is a game-changer. He's making over 5 ETH per week and you need to learn how!,,1,,,,,,
2023-04-04,,"Te cuento lo que hice Yo tampoco tenía Historial pero tenía la de Nubank y hasta ahí todo bien, posterior fui con Heybanco, y realmente no interesaba usar su tarjeta.Pero vi que tenía un pagare y me interesóMe registre a la cuenta, no solicite plástico ni nada",,1,,,,,,COMPETENCIA
2023-04-06,,Ya resolví gracias,1,,,,,1,,
2023-04-06,,Gracias por darnos agüita en para no morir de disentería por el agua puerca de los bebedores de 🤢,,,1,,,1,,EVENTOS
2023-04-08,,Buenas tardes,,1,,,,,,
2023-04-08,,"¿Adivinen dónde estoy?¡Que buena experiencia, !",1,,,,,,,
2023-04-11,,"5/ Seguramente veremos a y dando más noticias de innovación y servicios, pero sobre todo generando más competencia en la industria financiera, lo cual beneficia a todos los usuarios.BancaDigital NuMéxico HeyBanco Innovación CompetenciaFinanciera Fintech",,1,,,,,,COMPETENCIA
2023-04-11,,"4/ La gran ventaja de es su experiencia de 5 años en el mercado, ganando terreno entre los jóvenes por sus servicios y por patrocinar festivales de música, lo que les permite crecer junto con sus clientes.",1,,,,,,,COMPETENCIA
2023-04-13,,Gracias les volví a contestar el dm,,1,,,,1,,
2023-04-13,,"Gracias hey banco, solucionaron el problema.",1,,,,,1,,
2023-04-14,,Muchísimas gracias,1,,,,,1,,
2023-04-14,,Muchas gracias por su respuesta tan pronta.,1,,,,,1,,
2023-04-14,,"gracias por la pronta devolución, me sirvio para pagarle a",1,,,,,1,,SERVICIO
2023-04-15,,Muchas gracias mando DM a la brevedad,,1,,,,1,,
2023-04-15,,No má gracias tío estuvo fantástico este descuento del 50% en mi checkup en,1,,,,,1,,
2023-04-17,,"Super, gracias.",1,,,,,1,,
2023-04-18,,"Correcto, esperaré el contacto por pae de ustedes para arreglar la situación de mi inversión hey pro al 10%",,1,,,,,,
2023-04-19,,muchas gracias,1,,,,,1,,
2023-04-19,,"Excelente, muchas gracias por su sopoe, tío hey. De igual manera quiero agregar que el error ya fue solucionado, y adicional, durante el día recibí un SMS donde me notificaban que debido a una incidencia se mostraba el 5% y que lo estaban trabajando. Nuevamente gracias 🫂",1,,,,,1,1,SERVICIO
2023-04-19,,Muchas gracias. Voy a comunicarme entonces.,,1,,,,1,,
2023-04-19,,"Están en proceso de resolver según mensajes que me están enviando los de hey banco, saludos.",,1,,,,,,SERVICIO
2023-05-12,,Gracias,1,,,,,1,,
2023-05-12,,Ya me llego gracias,1,,,,,1,,
2023-05-12,,"Un gusto saludae Erich, ponemos a tu disposición nuestra cuenta de correo electrónico en la que con gusto atenderemos tus dudas, escríbenos: asesoria@condusef.gob.mx , recuerda que CONDUSEF te apoya.",,1,,,,,,
2023-05-12,,el mejor banco &lt;3,1,,,,,,1,
2023-05-12,*******,"Uno de los productos más esperados del año!!!! En YouTube ya tenemos el unboxing, activación y pequeña navegación por el app de la tarjeta metálica de ! Les compao el link del video: TarjetaDeCrédito HeyBanco",1,,,,,,1,
2023-05-13,,Es la mejor que he visto hasta ahora,1,,,,,,1,
2023-05-15,,Excelente muchas gracias,1,,,,,1,,
2023-05-15,,muchas gracias por su respuesta!,1,,,,,1,,
2023-05-15,,"Llamar para pelear a me resta tiempo, kilos, neuronas, prácticamente me resta vida ese banco pitero.",,,1,1,,,,
2023-05-15,,"hola, excelente tarde, me podrían ayudar con algo. Les mandé DM, por favor, muchas gracias 🙏",,1,,,1,,,
2023-05-15,,Me encanta que HeyBanco ya te manda notificación cuando se hace el cobro 🤙🏼,1,,,,,,1,
2023-05-15,,tienen algún tiempo estimado de respuesta,,1,,,,,,
2023-05-15,,"Conociendo la contraseña y el usuario, se puede entrar fácilmente desde otro dispositivo y sin que te llegue algún tipo de notificación por vía SMS y correo electrónico, esto lo sabes muy bien",,1,,,,,,
2023-05-15,,Eso explica todo,,1,,,,,,
2023-05-16,,"Hola si, hoy por la mañana ya tenía de nuevo mi usuario y funcionó con normalidad mi app",1,,,,,,,
2023-05-16,,¡CON RAZÓN!,,1,,,,,,
2023-05-16,,"Yo tengo la de garantía 😸, pero creo que voy bien, hasta cuántos meses se puede la de las normales, tengo inversión, nómina y cuenta de débitos ahi :)",,1,,,1,,,SERVICIO
2023-05-16,,Que bueno que no cambie mi nómina a,,1,,,,,,
2023-05-16,,Gracias por avisar,,1,,,,1,,
2023-05-16,,"Buen día, les envié un mensaje, espero me puedan ayudar. Gracias.",,1,,,1,,,
2023-05-16,,"Buenos días, una vez más sigo en espera",,,1,1,,,,
2023-05-17,,Gracias ya quedó resuelto,1,,,,,1,,
2023-05-17,,Qué tengas excelente mitad de semana.🔥🤔Para quienes aún tienen duda de cómo funciona la tarjeta Garantizada de 😉👉🏼https://t.co/b6iYPqXW4F,1,,,,,,1,SERVICIO
2023-05-17,,solicito apoyo,,1,,,1,,,
2023-05-17,,Qué tengas excelente mitad de semana.🔥🤔Para quienes aún tienen duda de cómo funciona la tarjeta Garantizada de 😉…,1,,,,1,,,
2023-05-18,,Ya quedó. Muchas gracias.,1,,,,,1,,
2023-05-18,,Tqm ❤️❤️,1,,,,,,,
2023-05-19,,"Ok, gracias",,1,,,,1,,
2023-05-19,,Jajaja. Siii. Muchos días. 😒 chale,,,1,1,,,,
2023-05-19,,Todo resuelto Gracias equipo,1,,,,,1,,
2023-05-20,,"Agradecido con que me ayudaron con una aclaración rapidísimo, cada día más feliz de haber dejado la banca tradicional por ustedes! 🙌",1,,,,,1,1,
2023-05-21,,Muchas gracias 🫶,1,,,,,1,,
2023-05-21,,Hola buen día,,1,,,,,,
2023-05-22,,Gracias !,1,,,,,1,,
2023-05-22,,"Listo, enviado! Saludos",,1,,,,,,
2023-05-22,,Me gusta heybanco para bajarles el mandado a los bancos españoles que dominan este país,1,,,,,,1,COMPETENCIA
2023-05-23,,yo presumiendo el 10% anual de HeyBanco y que Klar decide sacar 14%… muy tentador,,,1,,,,,COMPETENCIA
2023-05-23,,YA RESUELVEME ME URGE HACER UNA COMPRA,,,1,1,,,,SERVICIO
2023-05-23,,"Recomiendo ampliamente que usen y como alternativas a los llamados bancos tradicionales. Si sus bancos les están cobrando alguna comisión de cualquier tipo en sus cuentas de débito o peor aún, no están generando nada, entonces están en el lugar incorrecto.",,,1,,,,,COMPETENCIA
2023-05-24,,Gracias. Saludos,1,,,,,1,,
2023-05-24,,"Si, bueno me dijeron que tenía que marcar. Y si quedo.",1,,,,,,,SERVICIO
2023-05-24,,Ay si pasó ya afounadamente. Jejeje.,,1,,,,,,
2023-05-25,,Gracias! Ya les respondi!,1,,,,,1,,
2023-05-25,,Jaja nel,,1,,,,,,
2023-05-27,,"Okay, Gracias",1,,,,,1,,
2023-05-27,,Ya funcionó nuevamente la aplicación,1,,,,,,,
2023-05-27,,"Me contestan a mi también, pero ya",,1,,,,,,
2023-05-29,,"Listo, ya se los mandé , gracias .",,1,,,,,,
2023-05-29,,Con Hey siempre tienes el control de tus finanzas y ahora también el de todos tus movimientos gracias a las notificaciones qu…,1,,,,,,1,SERVICIO
2023-05-29,,"quiero trabajar con ustedes, me ayudan diciéndome como!",1,,,,1,,,
2023-05-30,,gracias!,1,,,,,1,,
2023-05-30,,Con Hey siempre tienes el control de tus finanzas y ahora también el de todos tus movimientos gracias a las notificaciones qu…,1,,,,,,1,SERVICIO
2023-05-30,,Eficiencia,1,,,,,,,
2023-05-31,,Muchas gracias nunca me contestó. Afounadamente ya ha quedado resuelto.,,,1,1,,,,SERVICIO
2023-05-31,,"¡Hola! Abre tu Cuenta Hey y obtén un boleto dorado cada mes para ganar.https://t.co/j45MnogZ Te recomiendo muchísimo la cuenta, de hecho la reseñan muy bien varios YouTubers de finanzas.",1,,,,,,1,EVENTOS
2023-05-31,,Muchas gracias por el Boleto Dorado ☺️,1,,,,,1,,EVENTOS
2023-06-01,,Gracias por la apoación. Saludos,1,,,,,1,,
2023-06-01,,Esto es lo que yo llamo ServicioalCliente Mexico de verdad así es que un banco debe tratar a un cliente no es nada más meter el dinero. Aprendan,1,,,,,,1,SERVICIO
2023-06-01,,"Buen día, es más fácil que usted obtenga el crédito con alguna caja popular, no hay peor lucha que la que no se hace, saludos",,1,,1,,,,
2023-06-02,,Gracias,1,,,,,1,,
2023-06-02,,Gracias quedó en espera,1,,,,,1,,
2023-06-02,,les dejé un DM solicitando de su valioso apoyo.Saludos,,1,,,1,,,
2023-06-02,,Muchas gracias Un mes gratis de,1,,,,,1,,SERVICIO
2023-06-03,,"Gracias, ya envié mi duda",1,,,,1,1,,
2023-06-03,,Gracias por responder! Me da mucho gusto que te hayan solucionado rápido. Ojalá así sea mi caso 🤞🏼Saludos,1,,,,,1,,
2023-06-03,,"Gracias lic hace tres años, si usted dice que no me deben negar volveré a hacerlo, muy amable por su atención un abrazo",,1,,,,,,
2023-06-03,,"Muchas gracias, si lo haré de nuevo un abrazo fuee 🫶",1,,,,,1,,
2023-06-03,,Por favor . Gracias,1,,,,,1,,
2023-06-05,,"Gracias, saludos",1,,,,,1,,
2023-06-05,,Muchas gracias por responder!Acabo de lograr el desbloqueo!,1,,,,,1,,
2023-06-05,,Espero que si,,1,,,,,,
2023-06-06,,"JAJAJAJJAJA VIC, trabajo en hey, cualquier duda no dudes en mandarme mensajito🫶🏻",1,,,,,,,
2023-06-07,,Gracias,1,,,,,1,,
2023-06-07,,Las de tienen buenos diseños.,1,,,,,,,
2023-06-08,,HOLA???,,,1,1,,,,
2023-06-10,,Con Hey siempre tienes el control de tus finanzas y ahora también el de todos tus movimientos gracias a las notificaciones qu…,1,,,,,,1,SERVICIO
2023-06-12,16:52:11,"Gracias, estoy al pendiente de la información.",1,,,,,1,,
2023-06-13,20:36:26,Yo fui muy feliz por muchos años con la Santander Free hasta que me cambié a HeyBanco y su tarjeta me pareció una chulada. Recomiendo ampliamente.,1,,,,,,1,COMPETENCIA
2023-06-15,22:51:17,Hola. En mi caso me comuniqué al 81 4392 2626 y allí me resolvieron. Por founa fue algo sencillo y rápido ¡Suee!,1,,,,,,,
2023-06-15,6:35:12 PM,Más fácil que Now saque sus tarjetas de crédito,,1,,,,,,
2023-06-16,19:41:04,"Perfecto, iré a un punto Hey. Gracias, bebé LOL",1,,,,,1,,
2023-06-16,18:03:36,"He probado 4 bancos tradicionales diferentes y hasta el momento el mejor manejando MSI, ha sido ✅Te permite ver exactamente cuánto debes en total. ✅ Te da la lista de todos los pagos futuros que tendrás que hacer mes por mes. ✅ Te da cashback de 2% en efectivo.",1,,,,,,1,COMPETENCIA
2023-06-17,18:00:08,Oye 🌝 Qué excelente tiempo de respuesta y amable personal en tu centro de atención ♥️ 🥰,1,,,,,,1,SERVICIO
2023-06-18,17:29:39,Listo muchas Gracias,1,,,,,1,,
2023-06-19,19:52:35,Gracias,1,,,,,1,,
2023-06-19,14:43:55,Muchas gracias,1,,,,,1,,
2023-06-19,15:36:18,¡Estamos para servie!,1,,,,,,,
2023-06-19,13:32:11,Con es tan sencillo hacer todo tipo de movimientos desde mi celular. Además tienen una super tasa de rendimiento…,1,,,,,,1,SERVICIO
2023-06-20,18:20:40,Muchas gracias,1,,,,,1,,
2023-06-20,22:22:06,"hola , les mandé un dm, gracias !",1,,,,,1,,
2023-06-20,21:26:18,Muchas gracias! Si entrare para levantar un repoe a,1,,,,,1,,
2023-06-20,6:47:43,La de está más coqueta y tienen beneficios reales. 🔥,1,,,,,,1,SERVICIO
2023-06-20,6:10:33,Listos! 💪🏼heybanco PalNoe2021,1,,,,,,,EVENTOS
2023-06-21,21:22:49,"Gracias, arreglado",1,,,,,1,,
2023-06-21,16:20:21,Gracias 😊🤗,1,,,,,1,,
2023-06-21,22:03:28,"Muchas Gracias, ya fue resuelto, gracias por el sopoe. Excelente servicio 👌🏽",1,,,,,1,,SERVICIO 
2023-06-21,3:47:49,Muchas gracias por la felicitación 🤗,1,,,,,1,,
2023-06-21,16:32:41,Si nunca había tenido este tipo de situación con otros métodos de pago y se me hace increíble como una operación tan sencilla como pagar con tu tarjeta de en una página web se conviee en toda una mala experiencia de usuario con su servicio.,,,1,1,,,,SERVICIO
2023-06-22,16:25:12,Vaaaaa gracias por el dato,1,,,,,1,,
2023-06-22,15:16:55,"Buen dia, saque un carro usado en merkauto, y me autorizaron el crédito el lunes 19 de Junio pero es fecha que no me llaman a firmar contrato y factura, como puedo saber cuando esta listo porque esta tardando mucho un proceso como este, gracias.",,,1,,1,,,SERVICIO
2023-06-22,20:38:17,"Para que estén bien atentos a lo que les llega, gracias a les compao el correo para que vean por dónde les quieren llegar. Pónganse listos.",,,1,,,,,
2023-06-23,17:14:56,AMO heybanco bien cabron. Jaja,1,,,,,,1,
2023-06-24,2:10:01,Por fiiiin modificaron la app de ya detecta mi huella y tiene una bonita sección de métricas de tus gastos. Ah y pagué sin temas la luz.,1,,,,,,1,SERVICIO
2023-06-27,7:20:57,Yo estoy con la verdad✨,,1,,,,,,
2023-06-28,17:42:50,Gracias!,1,,,,,1,,
2023-06-28,4:45:09,Gracias! Lo hice y quedo. 🙌🏻,1,,,,,1,,
2023-06-28,22:48:04,"Se resolvió, volviendo a instalar la app",1,,,,,,,
2023-06-28,17:28:12,"Gracias, ahora se los envío",1,,,,,1,,
2023-06-29,17:45:59,"buen día, ¿esto es real?",,1,,,,,,
2023-06-29,3:03:50,"Ps.... su aplicación es la mejor, he visto HSBC y Banamex y nel. ¿qué tal la de HeyBanco, la has probado?",1,,,,,,1,COMPETENCIA
2023-06-30,17:26:15,Muchas gracias ✨,1,,,,,1,,
2023-06-30,19:02:11,"Desde que abrí mi cuenta los amo ♥️. Si puedes, te recomiendo INVERSIÓN HEY ahí tengo mis ahorros y si eres Hey Pro hay mejores rendimientos 🤩",1,,,,,,1,SERVICIO
2023-07-01,4:07:54,"Respuesta favorable, gracias!",1,,,,,1,,SERVICIO
2023-07-02,15:01:49,Por eso amamos ✨🩷,1,,,,,,,
2023-07-03,20:36:54,"Una más Techreo de Came, está súper bien.... además de que ahora están dando unos regalos solo por inveir con ellos...seguro y muy fácil.",1,,,,,,1,
2023-07-04,19:32:32,Nos da mucho gusto que seas pae de esta gran familia FINSUS ¡Saludos! 😎💙,1,,,,,,,
2023-07-04,16:46:43,¡Hola Gracias por ser pae de esta gran familia FINSUS 😎👊,1,,,,,,,
2023-07-04,16:23:59,Hace pocos días estaba disponible,,1,,,,,,
2023-07-04,15:27:39,FINSUS siempre me a gustado mucho :) Aprovechando les dejo mi enlace de referido ;) Utiliza mi código CASTILLO--79570,1,,,,,,,
2023-07-04,14:11:14,"Pedida, esta si vale la pena el precio jajaja",1,,,,,,,
2023-07-04,9:42:38,Sin duda!,,1,,,,,,
2023-07-05,4:08:16,Intenta es buenazo!!,1,,,,,,,
2023-07-06,5:06:15,"ay suena súper bien, justo lo que me anda gustando mucho ahorita de nu es su pae de hacer crecer tu dinero jajk o sea la inversión, quiero entrarle más al tema👀 la más fan de los neobanks, definitivamente cuando por fin mande alv a banamex me abriré una de heybanco 🤓🩷",1,,,,,,,COMPETENCIA
2023-07-06,2:59:57,"Fácil: entro a pagos, elijo la tarjeta, elijo el plazo (3 meses, 0%), aceptar, token 👉 Error. Antes he pagado sin problemas. Puedo hacer otras operaciones con token sin problemas.",,,1,1,,,,
2023-07-06,2:24:11,"😍 El nuevo diseño de las TDC de esta ma-ma-lón chavos. 🙋🏽‍♂️ Tan pronto me regrese de USA voy a solicitar mi nuevo diseño (carísimo el envío por cieo, ni Obama lo tiene). 👀Por cieo, su programa de recompensas esta bastante aceptable eh. 💡https://t.co/F79GXxxqTB",1,,,,,,1,
2023-07-06,2:11:00,"📢 Tarjetas de Crédito (TDC) SIN anualidad y con diseños chingones. 🚨Aunque antes de usar una TDC debes aprender a usarla papucho. 📢 Personalmente la uso y me va muy bien, la aceptan donde sea (incluso en el gabacho). 👀Checa:",1,,,,,,1,
2023-07-07,16:18:25,"Muchas gracias, Justo llame hace dos días para la aclaración, espero no sea tan tardado y salga bien",1,,,,,,,
2023-07-07,1:24:12,"Gracias, acabo de mandar el correo.",1,,,,,1,,
2023-07-08,5:58:28,"Varias meses siendo usuario HeyPro en y al fin me dieron por lo menos unos de sus puntos, algo más que una taza preferencial de inversión.",1,,,,,,,SERVICIO
2023-07-09,20:12:00,"Perfecto, estaré atenta. Muchas gracias.",1,,,,,1,,
2023-07-10,17:49:42,Rifadisimo en lo personal si me gustó.,1,,,,,,1,
2023-07-11,23:55:24,"Sí me sirvió, muchas gracias 🫶🏽",1,,,,,1,,
2023-07-11,20:50:22,"Que sean tan fácil de usar y sobre todo confiables como heybanco, cuales?",1,,,,,,,
2023-07-11,3:16:37,"Ya me llegó la Ajolotarjeta de y me encantó, acá les dejo el unboxing para que vean más detalles de este nuevo diseño:",1,,,,,,1,
2023-07-11,1:51:29,Yo voy a pedir la mía está preciosa esa tarjeta 👍🥰,1,,,,,,1,
2023-07-13,18:28:34,¡Te invitamos a ser pae de Klar para que comiences a disfrutar de nuestros beneficios! 😀☺️,1,,,,,,,
2023-07-13,5:36:30,Gracias ya mande un correo,,1,,,,1,,
2023-07-14,22:08:32,"Gracias por el repoe. Exacto, ya pagué. Cc",1,,,,,,,
2023-07-14,20:26:17,realmente dan servicio al cliente por este medio?,,,1,1,,,,
2023-07-14,18:55:12,I highly recommend you to👉@Legith_hacks on Instagram he helped me out when I had same issues,1,,,,,,,
2023-07-15,17:01:34,"Que bueno, gracias por estar atentos. También chequen su nivel de ""empatia"" con sus clientes, de todas las formas. ✌️",,,1,1,,,,SERVICIO
2023-07-15,4:58:58,Que dato tan interesante me has dado! Conoces ?,1,,,,,,,
2023-07-15,2:54:54,"Huy tambien Stori y Mercado Crédito desde 10 días antes están mandando SMS, notificaciones vía app y whats.",,1,,,,,,COMPETENCIA
2023-07-16,15:27:21,Gracias ya les contesté,1,1,,,,1,,
2023-07-17,23:51:26,Muy bien. Ya la solicité y si me la otorgaron. Elegí el diseño de ajolotito. 😎,,1,,,,1,,
2023-07-18,18:15:18,Gracias,1,,,,,1,,
2023-07-18,17:01:27,This web3 developer's MEV strategy is the real deal - earning him over 5 ETH per week and taking his crypto earnings to new heights.,,1,,,,,,
2023-07-18,14:13:39,"Buenos días, he gracias por la atención, llame al servicio al cliente y todo bien, ya no aparece así, muchas gracias 👀",1,,,,,1,,SERVICIO
2023-07-18,5:07:34,"Buena noche! En Mayo pedi un ceificado de regalo de amazon con HeyCoins, estaba viendo el estado del pedido y me aparece en Procesando, hay algun estimado de cuando se procesan estos pedidos? Muchas Gracias.",,1,,,1,,,
2023-07-19,23:03:01,"Jajajaja por eso no me toman enserio, perooo nunca dejaré de usar a cheems para algunos vídeos jajaja Hoy vídeo en el cana…",,1,,,,,,
2023-07-19,19:30:02,"me pueden atender por aqui, no creo que haya problema.",,1,,,1,,,SERVICIO
2023-07-19,16:56:45,"esperemos que responda en sinceramente no he tenido problemas con ellos se me hace un buen banco, muchas gracias.",1,,,,,,,
2023-07-19,3:18:39,El mejor banco es HeyBanco por mucha diferencia nk,1,,,,,,1,
2023-07-21,18:19:03,"Sí, tengo distintas cuentas y siempre me han apoyado cuando llega a pasar algo. Hasta ahora HeyBanco y BBVA han sido mis mejores experiencias",1,,,,,,,COMPETENCIA
2023-07-21,18:17:46,Recomiendo HeyBanco,1,,,,,,,
2023-07-21,4:46:51,Gracias. Ya me explicaron. Muy amables.,1,,,,,1,,
2023-07-22,23:11:44,Yo he tenido buena experiencia con HeyBanco. 1% cashback en compras físicas y 2% en compras online. La app es fácil de usar y permite inveir al 10% anual renovando cada 7 días. Actualmente la utilizo para cubrir mi gasto mensual. Estoy contento con ella.,1,,,,,,1,SERVICIO
2023-07-22,11:32:23,"En menos de un mes logré desbloquear estos grandes beneficios, gracias por brindar esta herramienta para promover e…",1,,,,,1,,SERVICIO
2023-07-23,22:10:43,Enserio! Wow muchas gracia spor la respuesta en unos minutos más termino de abrir mi cuenta,1,,,,,,,
2023-07-23,22:09:50,Ilimitadas. Puedes hacer todas las que quieras con los plazos que gustes y los mejores rendimientos. En ofrecemos la mejor plataforma digital que te permite libead financiera.,1,,,,,,,SERVICIO
2023-07-23,17:54:30,"Gracias, ya les contesté🙏🙏🙏",1,,,,,1,,
2023-07-24,23:22:43,"Ha, thanks for the rec! I loved the idea of having a digital bank that's pa of the Multired (consoium of ATMs) but I guess it was not to be 🙄.",,1,,,,,,
2023-07-24,19:58:54,Gracias,1,,,,,1,,
2023-07-27,0:01:54,"Puedes empezar con tarjetas de crédito ""garantizadas"" Son para personas que no tienen historial. Stori o heybanco sería lo mejorcito. Recibir nómina también ayuda mucho con los bancos tradicionales c:",1,,,,,,,COMPETENCIA
2023-07-28,22:43:10,"Hoygan , mi TDC coó el 17-7-23 y la fecha límite de pago es el próximo jueves 3. Se supone que mientras pague antes de esa fecha no hay problema. Correcto?",,1,,,1,,,SERVICIO
2023-07-28,21:02:59,Yap!,,1,,,,,,
2023-07-28,20:31:24,Dame el telefono de servicio al cliente,,1,,,,,,
2023-07-29,18:04:22,tomalo por el lado amable y para el proximo recibo ya es gratis heheheheh,,1,,,,,,
2023-07-29,5:56:41,Jajaja verdad que sí,,1,,,,,,
2023-07-30,18:08:07,Muchas gracias,1,,,,,1,,
2023-08-01,20:01:28,Gracias por el seguimiento. Ya quedó resuelto y no era problema de ustedes.,1,,,,,1,,
2023-08-01,17:48:12,"Excelente servicio Por cieo, como dato Por cualquier cosa yo no di mis datos bancarios pues de uso común Yo tengo una cuenta digital de HeyBanco que no utilizo más que para esto, y ahí me han estado llegando mis transferencias Adjunto evidencia",1,,,,,,,SERVICIO
2023-08-01,14:15:42,"Ya quedó solucionado, Muchas gracias",1,,,,,1,,
2023-08-01,4:41:41,recomiendo x10000 HeyBanco!!!,1,,,,,,1,
2023-08-02,16:57:52,Gracias ya respondi el mensaje,1,,,,,1,,
2023-08-02,4:21:34,"Estaría súper, algo como lo que hacen en",,1,,,,,,
2023-08-04,23:36:52,Fácil: Abre una cuenta bancaria en uno de los nuevos bancos digitales. Te recomiendo porque está mucho más integrado al sistema bancario que otros que simplemente son fintech.,1,,,,,,,COMPETENCIA
2023-08-04,0:38:53,No recuerdo pero creo que fue rápido,,1,,,,,,
2023-08-05,23:09:34,"hola buenas tardes! Me ayudan a confirmar cual es el monto máximo para transferir desde mi cuenta hey y como puedo modificar esos límites por favor, gracias!",,1,,,1,,,SERVICIO
2023-08-05,4:58:31,Muchas gracias! Le había recomendado a un conocido que antes ellos daban préstamos y ya no salen. Entonces quería sugerirle esa opción. Que amable eres.,,1,,,,,,
2023-08-05,1:22:22,"Creo que es eso, acaba de llegar, muchas gracias",,,,,,1,,
2023-08-06,23:28:23,Jaja lo mismo pasa con Mercado Pago y HeyBanco pero de acuerdo es una maravilla,1,,,,,,,COMPETENCIA
2023-08-07,22:14:52,"Si me resolvieron, tiene un gran servicio al cliente!",1,,,,,,1,SERVICIO
2023-08-07,11:17:55,Si me llegó a las 24 hrs. Espero que haya llegado bien la transferencia.,1,,,,,,,
2023-08-08,4:00:40 PM,"Ya lo hice, ayer saqué todaa lana y mejor me quedo con quienes ya llevo tiempo y no he tenido problemas con ellos. También recomiendo a me está jalando muy bien y mis clientes me pagan por ahí. Saludos.",,1,,,,,,
2023-08-09,19:43:25,"Hola muchas gracias ya les expliqué la situación, les agradezco una respuesta a la brevedad",,1,,,1,,,
2023-08-09,15:05:31,"Les escribí por ahí desde ayer, y no me pelaron!",,,1,1,,,,
2023-08-10,0:03:09,"hoy fue mi primer día en heybanco ✨🌷✨ de regreso a la vida de oficina 🦋 mil gracias, 💋",1,,,,,,,
2023-08-12,18:47:40,"¡Por fin me tocó un BoletoDorado ganador! 🤩 Me sentí como Charlie en la fabrica de chocolates 🤭 Cámara solo me faltan 8,200 heypoints para mi xbox.",1,,,,,,,EVENTOS
2023-08-12,5:53:54,"Release notes, mensaje con typo en Terjeta Me gusto la actualización que hicieron para ver las tarjetas",1,,,,,,,
2023-08-15,21:50:22,"Justo a mi me pasó en el mismo momento, al final vuelve a aparecer en un rato después.",,1,,,,,,
2023-08-18,18:05:07,Gracias 😊 🙏,1,,,,,1,,
2023-08-18,17:18:46,Le sugiero encarecidamente que se comunique con ~bensonhack50~ en Instagram para solucionar cualquier problema relacionado con la cuenta. ahí rápido y confiable aún puedes graficarlos por WhatsApp 👉🏻👉🏻,1,,,,,,,
2023-08-19,15:02:37,"Muchas gracias, ya les respondí por DM",1,,,,,1,,
2023-08-22,0:52:31,"En la Comunidarks me recomendaron la Rappicard y la HeyBanco. Uso más la de HeyBanco por las recompensas, no hay anualidad, además te da tarjeta dual entonces tienes de crédito y débito. La Rappicard la uso para cosas más específicas, por ej Ticketmaster la acepta sin problema.",1,,,,,,1,COMPETENCIA
2023-08-23,17:41:15,"Ya quedó resuelto favorablemente mi que queja, gracias",1,,,,,,,SERVICIO
2023-08-25,19:20:41,Que guen servicio traen los de siemrpe resuelven bien 10/10 ☺️☺️,1,,,,,,1,SERVICIO
2023-08-25,2:12:59,"Resolvieron el cargo no reconocido de mi tarjeta, siempre dicen que pueden ser varios días pero el proceso no tardó ni una semana 👌🏽",1,,,,,,1,SERVICIO
2023-08-28,21:22:10,"Muchas gracias, ya lleno los datos. /@heybanco",1,,,,,1,,
2023-08-28,17:12:16,¡Muchísimas gracias por compair! ❤️ 🙌,1,,,,,1,,
2023-08-30,0:11:50,De qué queja me hablan? 🙄 Nada de quejas con Trabajan muy bien ❤️,1,,,,,,1,SERVICIO
2023-08-31,4:02:55,en Recompensa Total Banoe llegan en menos de 3 días hábiles por mail.,,,1,1,,,,COMPETENCIA
2023-09-01,18:06:14,Muy felices y contentos por nuestros clientes ya que hoy pudieron estrenar su nuevo hogar. inovaserviciosfinancieros cuauhtémocchihuahua creditos HeyBanco,1,,,,,,1,SERVICIO
2023-09-01,16:25:34,"Perfecto, ya pude entrar a la App y como según mi dispositivo no es compatible (aunque es uno de los más recientes de Samsung) prefiero cambiar de banco a cambiar mi equipo. Hola! Saludos.",,,1,1,,,,SERVICIO
2023-09-01,0:51:39,"Yo la tengo, esta bien padre.",1,,,,,,,
2023-09-04,7:50:21 PM,Aplausos para el equipo de 🫠,,,1,,,,,
2023-09-05,23:52:00,"Yo quisiera saber si ya puedo ser acreedor a la tarjeta de crédito tradicional, debido a que ya llevo más de seis meses de uso de la garantizada y se ha mejorado mi historial muy significativamente!",1,,,,1,,,
2023-09-05,19:25:28,Jajaja,,1,,,,,,
2023-09-05,3:39:27,"HeyBanco ha implementado un chat/bot muy interesante llamado HeyGPT, que resuelve dudas sobre sus productos, el cual me sorprendió bastante, creo que es un gran avance para mejorar la experiencia con la atención a clientes, acá te cuento todo:",1,,,,,,1,SERVICIO
2023-09-05,2:53:41,Yo uso ese banco y siempre me resuelven rápido y mil veces más rápido vs Banamex haha,1,,,,,,1,COMPETENCIA
2023-09-10,21:18:12,HeyBanco. Me ha salido buena.,1,,,,,,,
2023-09-12,22:40:28,Gracias.,1,,,,,1,,
2023-09-12,2:35:10,Chulada de cuenta! Buenos rendimientos 🤑 aplicación funcionando al 💯 sin comisiones de ninguna especie!! Entre esta y la de no necesito nada de ninguna otra institución. Nunca cambien ehhh? Asi empezó Klar y luego ya no cumplió. ☺️👍🏻,1,,,,,,1,SERVICIO
2023-09-13,23:20:30,"¡Feliz Día del Programador! Su trabajo es esencial para el funcionamiento de la sociedad actual, es por eso que te traemos algunos datos impoantes sobre este día y la profesión.👨🏻‍💻 HeyBancoMedia HeyBanco DíaDelProgramador Programadores",1,,,,,,,
2023-09-13,20:45:41,"Hola muchas gracias, ya les contesté vía DM",1,,,,,1,,
2023-09-13,20:32:13,"Solucionado, gracias!",1,,,,,1,,
2023-09-13,16:02:39,ayuda!!,,1,,,1,,,
2023-09-14,23:17:46,"Es que son horas de Venus, todavía están en tiempo xd",,1,,,,,,
2023-09-14,15:38:55,Inviee en cuestión de minutos desde tu celular y obtén ganancias cada semana. 💰 Conoce cómo hacer crecer tu dinero con Inv…,,1,,,,,,
2023-09-15,21:23:57,A mi me sirvió actualizar mi versión de Android a la más reciente. Con eso ya abre,,1,,,,,,
2023-09-15,16:46:03,Gracias justo eso me funciono,1,,,,,1,,
2023-09-16,23:38:12,Yo elimine el cache en los ajustes de la app y funcionó,,1,,,,,,
2023-09-16,23:23:44,Si me funcionó!!! Muchas gracias,1,,,,,1,,
2023-09-16,20:21:53,"Entren a ajustes de la app , borren el cache y funciona",,1,,,,,,
2023-09-16,5:17:38,Esto me funcionó a mi,,1,,,,,,
2023-09-16,4:56:18,Muchas gracias Hey! Ya quedó resuelto. 👌👌👌,1,,,,,1,,
2023-09-16,3:28:28,Gracias ! Lo intentare 😁,,1,,,,1,,
2023-09-17,23:18:02,Gracias! También me funcionó reiniciando 🙌,1,,,,,1,,
2023-09-17,15:24:56,"Ya qiedo resuelto, muchas gracias!",1,,,,,1,,
2023-09-18,22:22:18,Funcionó gracias. Mejor que la cuenta oficial,1,,,,,1,,
2023-09-18,18:10:10,"Muchas gracias por la información, me sirvió para poder acceder a la aplicación, deberían publicar la solución en sus redes para que otros usuarios puedan solucionarlo",1,,,,,1,,
2023-09-19,18:10:58,Confirmo hoy 19 de septiembre que funciona.. muchas gracias,,1,,,,1,,
2023-09-19,17:56:50,"La colonia más bonita y cool de todo Latinoamérica te está esperando, descubre con Jonnah Moreno sus increíbles recintos y disfruta de su increíble belleza. HeyBanco HeyMedia HeydeLocal Guadalajara",,1,,,,,,
2023-09-19,17:55:31,"El lugar perfecto para sentae a trabajar mientras te tomas un delicioso café... para después ir por una joya de la literatura, de segunda mano. Descubre con Jonnah Moreno los lugares secretos de la colonia Americana. HeyBanco HeyMedia HeydeLocal Guadalajara",,1,,,,,,
2023-09-19,17:52:22,"Entre cafeterías, una arquitectura única y bonitos pisos, Jonnah Moreno nos muestra la cara más apacible de la colonia Americana, que es considerada la más bonita en todo Latinoamérica. HeyBanco HeyMedia HeydeLocal Guadalajara",,1,,,,,,
2023-09-19,16:43:55,"Muchas gracias ahora sí, por mandar la actualización v10.39.2 de la app de Android. La aplicación funciona nuevamente, tras 5 días que estuvo muea para varios de nosotros. Gracias",1,,,,,1,,
2023-09-19,5:21:53,"Exacto, en el 10.39.0 está todo normal.",,1,,,,,,
2023-09-20,22:28:33,Listo! Muchas gracias! :),1,,,,,1,,
2023-09-20,20:42:03,Ya hoy se restableció la aplicación gracias,,1,,,,1,,
2023-09-20,2:42:16,"X3. A las 12 sin problema, y uno desde las 6 y nada",,1,,,,,,
2023-09-20,2:09:44,"Gracias por la respuesta, pude habilitar mi app",1,,,,,1,,
2023-09-22,22:00:52,"A mi nunca me ha fallado, al contrario es de las más estables.",1,,,,,,,
2023-09-23,17:15:22,"Gracias, no debería ser información privada, es para que ustedes mejoren. Saludos.",,1,,1,,,,
2023-09-24,15:49:15,cómo puedo pedir otra tarjeta sin perder mis datos anteriores. Gracias,,1,,,1,,,
2023-09-26,23:06:29,Siempre estoy recomendando y llevo 2 meses sin tarjeta 🤡 ¿regresar a Banamex será la solución?,,,1,1,,,,
2023-09-26,22:30:41,"Hola, solo para agradecer públicamente la atención recibida en su momento, y mencionar que ya recibí todos los productos solicitado de su tienda de Hey Shop. Muchas gracias.",1,,,,,1,1,
2023-09-26,18:47:23,Ya lo envie,,1,,,,,,
2023-09-27,19:00:56,"Muchas gracias, los amo. 😭🫶🏽",1,,,,,1,1,
2023-09-28,0:50:29,"increíble que a estas alturas tengas que ir a activar tu netkey “móvil” a una sucursal cuando cambias de teléfono. Tienen mucho que aprender de que sin comprometer tu seguridad, lo hacen simple y rápido desde la misma app.",,,1,1,,,,
2023-09-30,5:35:34,Yo sigo pensando que es un gran producto,1,,,,,,,SERVICIO
2023-10-02,19:50:21,Gracias,,1,,,,1,,
2023-10-03,23:23:14,Yo también quiero 🫣,1,,,,,,,
2023-10-03,18:33:09,"Gracias, les acabo de escribir.",,1,,,,1,,
2023-10-05,16:30:02,"Tengo la de que es de banco Azteca y si esta muy bien, la de también esta padre y la de esas manejo",,1,,,,,,
2023-10-06,21:54:50,"En hora buena Jorge, tú eres una persona muy reconocida en el gremio mielero y tu reputación vale.",,1,,,,,,
2023-10-11,3:04:58,👀 Órale qué cool. ofrece información sobre finanzas personales dentro de la aplicación. 🤩 Habrá que darle una opounidad al podcast,1,,,,,,,
2023-10-12,5:36:25,"Ganeee! Si quieres ser pae de esta fiebre Hey, te puedo referir. Gracias",1,,,,,,,
2023-10-13,16:37:56,"Gracias, volví a llamar y fue rapido",1,,,,,1,,SERVICIO
2023-10-13,4:04:23,😮‍💨 5 estrellas al sopoe de ya se saben el dúo dinámico ☺️☺️,,1,,,,,,
2023-10-14,22:34:37,Quedo en espera. Gracias,,1,,,,1,,
2023-10-14,11:56:33,Felicidades a todos los que hicieron esto posible,1,,,,,,,
2023-10-16,1:22:55,Muchas gracias,1,,,,,1,,
2023-10-17,18:13:26,"Procedo, gracias por el apoyo",1,,,,,1,,
2023-10-18,12:23:13,Recibí ayuda de fredhack88 en Telegram. Me ayudó a recuperar mi cuenta y habilitar la autenticación de dos factores en la cuenta. Estoy realmente impresionado. También te ayudará con tus problemas de piratería.,1,,,,,,,
2023-10-19,7:14:39,"Gracias ya los conocí, los use, y hoy los dejo, definitivamente no son lo mio, pero si los recomiendo! 👍 Bancos f…",,1,,,,,,
2023-10-20,23:13:05,"¡Te vamos a sorprender! ⭐️ Para todos nuestros fans, ¡les queremos dar más! Estamos a punto de elevar su experiencia a un ni…",,1,,,,,,EVENTOS
2023-10-21,3:46:33,"¡Te vamos a sorprender! ⭐️ Para todos nuestros fans, ¡les queremos dar más! Estamos a punto de elevar su experiencia a un ni…",,1,,,,,,EVENTOS
2023-10-21,2:21:31,11% la inversión y con eso!,,1,,,,,,
2023-10-22,3:12:45,"¡Te vamos a sorprender! ⭐️ Para todos nuestros fans, ¡les queremos dar más! Estamos a punto de elevar su experiencia a un ni…",,1,,,,,,
2023-10-23,19:55:44,Se va a poner bueno con heybanco,1,,,,,,,
2023-10-23,3:32:06,"Estamos igual, también me sorprendí",,1,,,,,,
2023-10-23,3:23:34,Yo también!,,1,,,,,,
2023-10-24,21:07:14,Nos deberían sorprender con app funcional. Todos los dias hay que estar borrando e instalando. Dura un acceso útil.,,,1,1,,,,
2023-10-24,19:44:21,Listo enviado,,1,,,,,,
2023-10-24,8:53:57,"¡Te vamos a sorprender! ⭐️ Para todos nuestros fans, ¡les queremos dar más! Estamos a punto de elevar su experiencia a un ni…",1,,,,,,,
2023-10-25,23:43:33,"Muy buena , esta vez hey se equivocó, decía ser diferente a los bancos normales e incluso puede que apair…",,,1,1,,,,
2023-10-25,23:19:19,Fuiste bueno por un tiempo. Ahora mi tarjeta se irá al cajón. Hasta nunca 👋🫶,,,1,1,,,,
2023-10-25,22:15:53,es muy buena opción.,1,,,,,,,
2023-10-25,21:43:42,"Bueno, toda historia tiene un final. Adiós",,,1,1,,,,
2023-10-25,21:36:59,"La tarjeta plata trae buen cashback, deberías darle una revisada",1,,,,,,,
2023-10-26,20:20:52,"¿SPA para los Hospitality? Bueno, siempre se agradece un masajito para aguantar los 3 días de festival ¡Checa los beneficios de cada abono! 🎟️🦁🔥 Mañana prevents exclusiva por TecatePalNoe 💖",1,,,,,,,EVENTOS
2023-10-26,19:36:54,Gracias! Les envíe otra duda.,,1,,,,1,,
2023-10-26,18:51:17,"Ok, estaré al pendiente, gracias",,1,,,,1,,
2023-10-27,20:52:45,"Gracias por mis ultimas recompensas, adios vaquero, fue bueno mientras duró",,1,,,,,,
2023-10-27,20:52:13,Mañana los compramos!!! 🫶🙌🏻🙌🏻,,1,,,,,,
2023-10-27,20:19:11,🦁 ¡Gracias! La Venta Exclusiva HeyBanco está AGOTADA en su totalidad 🎫 🫵🏻 La venta libre de Boleto Tempranero para 2024 tendrá lugar mañana 28 de octubre a pair de las 14:00 hrs.,1,,,,,,,
2023-10-27,20:08:25,Gracias Gracias venta tempranera 🤍 Tqm,1,,,,,,,SERVICIO
2023-10-27,19:47:04,⭐️⭐️Tecate Pa'l Noe 2024!!!⭐️⭐️ 🚨Si tienen Hey Banco aprovechen hoy porque hay buenos descuentos en el abono Tempranero!…,1,,,,,,,EVENTOS
2023-10-27,18:44:33,¡Muchas gracias por tu confianza! 😀🤲 ¡Estamos felices de que formes pae de la familia Klar! 🥰🤩 ¡TE QUEREMOS!❤️,,1,,,,,,
2023-10-27,18:10:40,Sería lo más adecuado después de lo que costo por lo menos 6 meses de prueba como lo hacía Scotia con su tarjeta ideal ya después decides.,,1,,,,,,COMPETENCIA
2023-10-28,20:57:12,"Gracias, sigan con esas propuestas tan inovadoras que seguramente atraerán millones de clientes y marcarán un antes y un después de la banca en México. De seguro las felicitaciones no paran por eso hasta bloquearon sus redes sociales. Son unos genios! No se cansan de ganar tanto?",1,,,,,,1,
2023-10-28,18:56:45,Fuiste bueno por un tiempo. Ahora mi tarjeta se irá al cajón. Hasta nunca 👋🫶,,,1,1,,,,
2023-10-28,18:50:44,adquirí la membresía mega Fan porque me salió que un beneficio era una venta exclusiva de Tecate…,1,,,,,,,EVENTOS
2023-10-28,18:50:27,Ya cayó la actualización gracias,,1,,,,1,,
2023-10-28,18:44:10,Padrísimas las nuevas membresías de encontré una que se ajusta a mis necesidades y ya la contraté. Les recomiendo q…,1,,,,,1,,SERVICIO
2023-10-28,15:39:01,"A mí ya me depositaron, la verdad estoy contento con sus servicios, espero recapaciten y re valoren sus decisiones",,1,,,,,,
2023-10-28,14:40:52,Es correcto,,1,,,,,,
2023-10-28,13:35:53,Esto de me parece tipo las gasolinaras VIP,,,1,,,,,
2023-10-28,13:07:09,Antes que nada bienvenido a Ualá. Gracias por el feedback. Es muy constructivo. Varios de esos temas se resuelven en los próximos updates. Mudarse a una arquitectura 100% bancaria no ha sido fácil y eso afecta cieos procesos. Ya viene lo mejor. Gracias desde ya.,,1,,,,,,
2023-10-28,1:13:56,"Gracias ya pude comunicarme y creo si se solucionó mi problema, gracias 🙌",1,,,,,1,,SERVICIO
2023-10-29,2:17:34,Buena publicidad 👇,,1,,,,,,
2023-10-30,23:34:34,"¿Eres un estudiante y tienes una idea brillante? 💡 ¡El Reto Emprende Hey te espera! Paicipa y gana hasta $50,000 por tu…",,1,,,,,,
2023-10-30,21:59:22,Muchas gracias 🥰,1,,,,,1,,
2023-10-30,21:49:32,Ahorita mismo les mando correo y número telefónico para contacto.,,1,,,,,,
2023-10-30,19:03:02,Dale gracias a,1,,,,,1,,
2023-10-30,16:28:53,Checa creo que tiene mucho potencial!,1,,,,,,,
2023-10-31,22:23:42,"Bien hecho, ya mero te alcanzo. 🤷🏽‍♂️",,1,,,,,,
2023-10-31,21:13:51,¡Muchas gracias por tu confianza! 😀 🤲 ¡Estamos felices de que formes pae de la familia Klar! 🥰 🤩,,1,,,,,,
2023-10-31,18:51:34,"Lo verdaderamente interesante de heybanco es su herramienta de inversión y, en lo personal, sería para lo único que tengo la tarjeta y que pagaría por el plan. Según el plan que pagues y si dejas el dinero 7 o 28 días te pueden dar el 9%, 10%, 11% o 12% de interés anual.",1,,,,,,,
2023-10-31,18:05:15,Ya están todos mis ahorros contigo! gracias,1,,,,,,,
2023-10-31,18:01:11,"Gracias, como siempre super atentos y efectividad en resolver dudas.",1,,,,,1,,
2023-10-31,17:44:55,Gracias por la respuesta ya conteste por DM saludos,1,,,,,1,,SERVICIO
2023-10-31,15:53:03,¡Estamos para servie!,,1,,,,,,
2023-10-31,14:25:33,"¿Eres un estudiante y tienes una idea brillante? 💡 ¡El Reto Emprende Hey te espera! Paicipa y gana hasta $50,000 por tu…",,1,,,,,,
2023-10-31,3:59:10,"Uf! Que buena idea, ¿No, Que nos pague en Hey Coins.",1,,,,,,,
2023-10-31,3:53:34,"Mejor que anualidad, mensualidad 😏",,1,,,,,,
2023-11-01,19:33:12,Bien merecido 🫠,,1,,,,,,
2023-11-01,2:16:06,Me encanta la publicidad de la competencia,,1,,,,,,
2023-11-02,3:53:49,INVEX!! El acelerador conviene muchísimo si le gastas de 10k para arriba al mes. Este año llevo como 4 mil en vuelos y muchas tarjetitas de uber y starbies.,,1,,,,,,
2023-11-02,1:00:57,"Después de ver está entrevista, creo que es una excelente opción",1,,,,,,,
2023-11-02,0:57:59,este tweet es solo para agradecer la rapidez con la que resolvieron unos cargos no reconocidos. Necesitaba urgentemente ese dinero que robaron de mi tarjeta y ustedes me ayudaron en sólo 3 días. También las cosas buenas deberían compairse. ¡Gracias Hey Banco!,1,,,,,1,1,
2023-11-02,0:50:37,"Ya reflexioné, creo que están bien las membresías de",,1,,,,,,
2023-11-02,0:14:08,En unos meses se fue lo que lograron en años... Felicidades,,,1,1,,,,
2023-11-02,0:08:41,Esta es la mejor idea para sus clientes,1,,,,,,,
2023-11-03,19:42:24,"La verdad son muy buenos contra fraudes o cosas así, los demás bancos se mega desentienden, a mí me han hecho todos los paros de la vida.",1,,,,,,1,
2023-11-03,19:14:00,"Sí vi que además traen primo del bono y el primer año sin anualidad, que es lo que me da codoo. Y luego la edición de la tarjeta rosa 🥲. Ya considerando seriamente.",1,,,,,,,
2023-11-03,18:35:36,"Yo amo con todo mi ser la Amex, la verdad siento que ninguna otra te tratan tan bien, está cara la anualidad pero sí vale toda la pena por la seguridad que te ofrecen.",,1,,,,,,COMPETENCIA
2023-11-03,18:12:46,"Gracias, novio, un saludo hasta allá.",,1,,,,,,
2023-11-04,5:06:01,Gracias Mandiii,,1,,,,,,
2023-11-07,18:45:40,"Same, ya mejor regresé a Banoe y HeyBanco solo para compras de “riesgo”.",1,,,,,,,
2023-11-08,22:57:26,Vamos muy bien con heybanco 👍🏾,1,,,,,,,
2023-11-08,17:43:43,Muy amables muchas gracias.,1,,,,,1,,
2023-11-08,16:06:38,"Listo, lo hice en la madrugada, gracias!!",1,,,,,1,,
2023-11-08,13:58:57,Excelente noticia!!! El 15% está genial y sin necesidad de pagar membresías absurdas ahora sí tendrá mucho de que arrepentirse,1,,,,,,1,
2023-11-09,17:35:17,defiéndete !!!🖤,,1,,,,,,
2023-11-09,7:54:23,bajó el rendimiento de la inversión mientras que la subió. Todo perfectamente equilibrado,1,,,,,,,
2023-11-10,23:36:40,Hey sigues siendo cliente de Saludos!,,1,,,,,,
2023-11-10,21:16:19,recomendada,1,,,,,,,
2023-11-10,21:15:29,"Hazlo, es una excelente opción. Yo tengo con ellos 3 años",1,,,,,,1,SERVICIO
2023-11-10,3:27:47,"Sí, es venganza",,1,,,,,,
2023-11-11,1:11:31,Una lección a esos perros de que quieren cobrar por lo que ustedes dan por solo ser clientes. Solo falta cashback y van a volver a ser mi tarjeta preferida.,,1,,1,,,,SERVICIO
2023-11-14,21:26:38,"Buen movimiento 🤓 ""Hey"" me recuerda a Mantis de Kung-fu Panda cuando agarra las cuerdas del puente 😂",1,,,,,,,
2023-11-14,21:21:37,Agree. 👍🏽 Hasta una crónica les avente.,,1,,,,,,
2023-11-14,18:00:50,Gracias 👍,1,,,,,1,,
2023-11-16,16:22:08,Esto es rápido para,,1,,,,,,
2023-11-17,13:44:00,Nos encanta tenee con nosotros 🥰,,1,,,,,,
2023-11-18,23:34:22,Gracias carnal.,,1,,,,,,
2023-11-21,21:20:08,No dudo que hayas sido tú hahahahahahaha.,,1,,,,,,
2023-11-23,12:49:47,"A mí me ofrece 3MSI, sería bueno ver si es verdad jajaja",,1,,,,,,
2023-11-25,17:23:29,Beneficios de un mercado mas competitivo,,1,,,,,,
2023-11-25,16:40:17,"Bendita sea la competencia, y bienvenido el cashback así sea un por ciento como dice la canción",1,,,,,,,
2023-11-25,15:49:20,OJO ACA!! Regresan las recompensas a 🤩🤩🤩🤩,1,,,,,,,
2023-11-25,13:16:52,Gracias nos escuchaste y por eso seguiré contigo 🫶🤗,,1,,,,,,
2023-11-25,11:00:45,Lo mejor que pudiste hacer amigo,,1,,,,,,
2023-11-25,4:47:53,Tsss .. que bueno .,,1,,,,,,
2023-11-25,4:44:46,"Hiciste bien, tío ☺️",,1,,,,,,
2023-11-26,18:53:13,Les recomiendo también es mexicano y no está en quiebra con el DientesDeBurroUsurero,1,,,,,,,
2023-11-26,16:58:44,"Gracias por la respuesta, estare atento saludos tio",1,,,,,1,,
2023-11-27,23:58:29,Gracias 🙏 😍👌⁦@soynumx⁩ ⁦@nubank⁩ espero sirva de aprendizaje a las demás plataformas si quieren nuestro dinero como inversionistas. Fyi ⁦@dinnactinver⁩ ⁦@heybanco⁩ ⁦@uala⁩ ⁦@uala_mex⁩ ⁦@MercadoPagoMex⁩ ⁦@FinsusApp⁩,,,1,1,,,,
2023-11-27,9:38:19,"Increíble atención al cliente de siempre he pagado a tiempo, estoy dentro del plazo de pago y…",1,,,,,,1,
2023-11-28,10:47:12,el mejor banco,1,,,,,,1,
2023-11-29,9:13:31,"Me uní a en julio de 2019 y me ha resultado muy útil para mis transacciones en línea, la verdad la recomiendo mucho",1,,,,,,1,SERVICIO
2023-11-30,10:15:52,"Hey Banco me gusta mucho, iwal mercado pago apae de q es súper práctico y el dinero q tienes ahí está inveido en gbm y te genera unos pesitos extras",1,,,,,,,
2023-12-01,21:23:51,🎁 ¡Promoción para todos nuestros clientes Hey! Aprovecha las compras de temporada y recibe recompensas en efectivo. ¿List@ p…,1,,,,,,,
2023-12-01,16:26:31,Me gustaba porque repoaba a buró de crédito,,1,,,,,,
2023-12-01,8:55:31,Hey. Banco que haya salido a la luz la coreo completa. Me gustó el final a lo indio. Como se llama la obra que interpretan?,,1,,,,,,
2023-12-02,20:22:15,Siempre estoy recomendando y llevo 2 meses sin tarjeta 🤡 ¿regresar a Banamex será la solución?,,,1,1,,,,
2023-12-02,11:30:48,terminos y condiciones por favor,,1,,,,,,
2023-12-05,15:45:46,Jajajaja,,1,,,,,,
2023-12-07,10:11:29,Breve lección de economía. Aprende a no pagarle a y a cobrar por depositar en y al mismo tiempo que luchas contra el Gaza_Genocide,,1,,,,,,
2023-12-07,9:35:45,. Llegan nuevos instrumentos financieros y te ofrecen hasta el 13 por ciento de dinero adicional por cada día que guardes tu dinero mientras que te cobra si no lo mueves por más de seis meses. Por eso está en,,,1,,,,,
2023-12-09,16:38:30,"Jamas pensé que me quedaría con Hey Banco después de todas las mamadas que están haciendo pero literalmente es la mejor opción que tengo. En fin, chingada madre HSBC, tremendo pedo por una compra de 150 pesos.",,,1,1,,,,
2023-12-09,16:12:02,"Correcto, sin más preámbulos.",,1,,,,,,
2023-12-14,18:55:33,Apareció una buena promo en al contratar un seguro para tu celular.,1,,,,,,,
2023-12-14,11:19:37,"El canje de las hey Coins de por tarjetas de regalo de Amazon ya son instantáneas, te llegan los códigos casi al ins…",,1,,,,,,
2023-12-14,10:13:06,"Excelente pregunta, que de dijeron bro?…",,1,,,,,,
2023-12-14,10:10:39,"El canje de las hey Coins de por tarjetas de regalo de Amazon ya son instantáneas, te llegan los códigos casi al instante. ¿Recuerdan lo que me pasó hace unos meses? 🥲",,1,,,,,,
2023-12-15,16:13:32,"Confirmo el día de hoy cambie mis Hey coins y en el correo de confirmación ya viene el código, todo cool ya hasta realizó mi compra 👍",1,,,,,,,SERVICIO
2023-12-17,16:29:51,Amamos las recompensas de 🫡,1,,,,,,,
2023-12-17,12:08:17,Con para que me patrocine más juegos del MaratonDevir,,1,,,,,,
2023-12-18,10:31:35,"Evalué cambiar a HeyBanco! por Nu, debido a la tasa de rendimiento y wow, gratamente sorprendida.",1,,,,,,1,
2023-12-19,21:07:28,Muy amablemente su AreaEspecializada me dió solución. ^R,1,,,,,1,,
2023-12-22,17:50:55,"Te la recomiendo, atención inmediata, también para ti un abrazo y felices fiestas, abrazo para toda la familia.",1,,,,,,,
2023-12-22,17:37:53,"Entiendo, con la de Baz me transfiero de la de crédito a la de Azteca, entra como una compra y no me genera comisión. Te la recomiendo y muy accesible",,1,,,,,,
2023-12-22,15:58:18,"Excelente, gracias por la información.",1,,,,,1,,
2023-12-22,11:43:33,"Hola Pepe, buenos días. Te atiende Sofía, es un gusto saludae. ¿Nos podrías compair vía DM mayor detalle de la situación que presentas con tu aplicación BBVA México, por favor? 1/2",,1,,,,,,
2023-12-27,9:01:38,"Manifestando ganarme el soeo de HeyBanco. Hecho esta, lo declaro, soy abundancia.",,1,,,,,,
2023-12-28,22:25:18,"Hola! He mantenido un buen historial con ustedes, tengo la duda de qué hacer para que me aumenten la línea de crédito TDC?",,1,,,1,,,
2023-12-30,9:31:05,Gracias ayer me atendieron rápido por llamada ya quedo resuelto,1,,,,,1,,SERVICIO
2024-01-01,14:05:36,"Año Nuevo, novedades nuevas ¿que les parece este ajuste de HEYBANCO? Anualidad y HEY PRO forzado 🙌 Me parece una mejor opción",1,,,,,,,
2024-01-01,9:25:46,"Hay que transmitir información fidedigna y real, ya lleva algunos años operando...",,1,,,,,,
2024-01-02,17:51:09,"Te recomiendo Hey banco, no tiene nada de eso y puedes retirar en cualquier HSBC o inbursa sin comisión.",1,,,,,,,
2024-01-04,22:01:23,"Hoy fui a la Fanshop de Hey banco y me la pasé super chido, además hice un amix ✨",1,,,,,,,EVENTOS
2024-01-04,12:03:48,"otra opción que en lo personal podría recomendae, también tiene buenas promociones y MSI",1,,,,,,,
2024-01-04,11:15:48,la mejor,1,,,,,,,
2024-01-05,12:39:28,Va gracias les mande dm,,1,,,,1,,
2024-01-07,18:53:21,está mejor,,1,,,,,,
2024-01-07,17:46:48,puro ese mejor nu nu fonite foniteog,,,1,1,,,,
2024-01-08,11:16:15,"Yo: voy a trabajar Mi hermana: Oye, entonnces cómo valido mi HeyBanco Papás: Oye, que hay un tema con el depa ;_; jajajaja pero bueno, agradezco que haya alguien allá que me ayude a resolverlo.",,1,,,,,,
2024-01-09,23:55:06,"Tengo un Pixel 5, genio.",,1,,,,,,
2024-01-09,0:42:33,Si ya todo bien Señor Lampi🙌🏻,1,,,,,,,
2024-01-10,13:37:20,"Uy, ya los contacté, incluso les mande video al correo electrónico que me señalo la persona que me contestó, actualice mi sistema operativo y sigue igual, esto sucede solo con la app del Banco Hey, tengo apps de otros bancos y funcionan perfecto.",,,1,1,,,,SERVICIO
2024-01-10,12:36:49,🎁 ¡Promoción para todos nuestros clientes Hey! Aprovecha las compras de temporada y recibe recompensas en efectivo. ¿List@ p…,,1,,,,,,
2024-01-11,15:20:48,Gracias,1,,,,,1,,
2024-01-13,13:44:57,Ya llame y ya me ayudaron gracias,1,,,,,1,,
2024-01-14,14:57:03,No tiene límites jajaja gpt-4 gratis,1,,,,,1,,
2024-01-15,12:22:52,"Quedó solucionado el fin de semana, gracias",1,,,,,1,,
2024-01-16,18:32:25,Listo ya quedó muchas gracias.,1,,,,,1,,
2024-01-17,22:32:37,"HeyBanco y nu son mucho mejores, para los que andan buscando moverse.",1,,,,,,,COMPETENCIA
2024-01-17,21:08:35,"Por si ocupan, excelentes alternativas a BancoAztecaEnQuiebra 1. HeyBanco - Sin comisiones, contratación en línea, +23K puntos para retirar $ 2. NuBank - Sin comisiones, contratación en línea, retiro de efectivo en supermercados.",,1,,,,,,COMPETENCIA
2024-01-17,19:54:36,"Excelentes alternativas a 1. HeyBanco - Sin comisiones, contratación en línea, +23K puntos para retirar $ 2. NuBank - Sin comisiones, contratación en línea, retiro de efectivo en supermercados",1,,,,,,,COMPETENCIA
2024-01-17,19:51:13,"Excelentes alternativas a : 1. HeyBanco - Sin comisiones, contratación en línea, +23K puntos para retirar $ 2. NuBank - Sin comisiones, contratación en línea, retiro de efectivo en supermercados",1,,,,,,,COMPETENCIA
2024-01-17,19:43:52,"Excelentes alternativas a Banco Azteca: 1. HeyBanco - Sin comisiones, contratación en línea, +23K puntos para retirar $ 2. NuBank - Sin comisiones, contratación en línea, retiro de efectivo en supermercados",,1,,,,,,COMPETENCIA
2024-01-18,12:58:15,¡Celebramos 6 años en Hey Banco! 🎉 Gracias por confiar en nosotros en este viaje; tu apoyo ha sido fundamental para nuestro…,,1,,,,,,
2024-01-19,11:01:15,"Buen día, envié correo justo ahora. Gracias.",,1,,,,1,,
2024-01-19,10:06:58,Buenos días. Con la maravillosa sorpresa de que mi cuenta amaneció en ceros 🤡,,,1,1,,,,
2024-01-21,19:07:32,Listo!!,1,,,,,,,
2024-01-21,18:42:05,"Raro, yo he realizado varias transacciones sin problema",,1,,,,,,
2024-01-21,9:09:53,la mejor opción rendimiento del 13%,1,,,,,,,
2024-01-21,17:58:03,Hola! También me gustaría unirme porfa.,,1,,,,,,
2024-01-21,11:46:51,"Agrega la app nunca me ha fallado, su proceso de contratación es ágil pues al par qué abres la cuenta te evalúa para la tarjeta de crédito; depósitos y transferencias inmediatas.",1,,,,,,,SERVICIO
2024-01-22,17:18:41,Dinero deberían darme los de pero gracias por un año de servicios.,1,,,,,1,,
2024-01-22,16:00:41,"Muchísimas gracias! se comprometió a resolver el problema con fecha límite al 25 de enero de 2024, de no ser así enseguida me pondré en contacto con",1,,,,,1,,SERVICIO
2024-01-22,13:55:08,Muchas gracias,1,,,,,1,,
2024-01-22,12:57:27,"Les agradezco mucho la atención, me pondré en contacto con ustedes.",1,,,,,1,,
2024-01-23,12:10:13,estamos más que listos 🤩😍 ansiosos Desconéctate por 3 días en el Acústico Hey Banco de TecatePalNoe 🔌,1,,,,,,,EVENTOS
2024-01-25,21:11:05,Funciona mucho mejor que el de 🤡🤡,1,,,,,,,
2024-01-26,22:23:25,Jajajaja lo amé,,1,,,,,,
2024-01-26,17:41:58,Jajaja,,1,,,,,,
2024-01-29,18:17:18,"Hola, buenas tardes. Te atiende Luz, es un placer saludae. Con gusto podemos apoyae, por favor escríbenos a nuestra cuenta oficial en Twitter ( ) para brindarle seguimiento a tu solicitud y compaie la información correspondiente. 1",,1,,,,,,
2024-01-29,15:44:22,"Listo, gracias.",1,,,,,1,,
2024-01-30,15:12:47,Hola valdría la pena que cuando hagan cambios dan un resumen de los cambios realizados en el contrato y no manden las 60 hojas completas. 😬 CharlyTip mejora la experiencia del cliente.,,,1,1,,,,
2024-02-01,14:25:36,Me encantan las respuestas de a las fallas repoadas en su App 🙄,,1,,1,,,,
2024-02-01,0:51:32,"de debito puedes pedir nu desde la app, tmb hey banco, yo tengo esa y no me piden minimo ni me cobran por manejo de cuenta, esa la abri xq tuve un pedo con la nomina en banamex y la usaba como para ahorrar pero ahora la uso casi para todo heejej, la tj fisica me costo 109 creo",,1,,,,,,COMPETENCIA
2024-02-02,11:11:22,"Y aprovecho el tuit para recomendarles a hey banco, yo lqm 🫶🏽 ni una sola queja en dos años",1,,,,,,1,
2024-02-06,11:34:36,interesante,,1,,,,,,
2024-02-07,2:05:30,Mejor aumenten líneas de crédito! 😭😭😭😭,,,1,1,,,,
2024-02-08,20:20:59,"Hey banco no, es ilimitado jajajaja, suena increíble.",1,,,,,,,
2024-02-08,19:16:00,"Cada más agradecido de peenecer a !! Si ocupan un banco que solucione, este es el mero bueno! Thkss",1,,,,,1,1,
2024-02-08,18:30:39,"Por eso me encanta Su app es simplemente increíble! 💯. Además de ser super intuitiva, Cashback en todas tus compras…",1,,,,,,1,
2024-02-08,5:52:22,"Aaawww que bonito, hey Banco mucho la cola :D",1,,,,,,,
2024-02-09,13:05:02,Gracias,1,,,,,1,,
2024-02-10,10:12:37,trae la de hey banco 😍🥹 humilde mi chiquito,1,,,,,,,
2024-02-11,11:40:38,"Para los que se preguntan dónde conseguir la tarjeta, la pueden sacar en Hey Banco con muchos diseños a elegir",,1,,,,,,
2024-02-12,20:17:49,"Ya es lo que empezaré a hacer, gracias….",1,,,,,1,,
2024-02-12,16:43:13,"Jajaj FIJA-TÈ como no te dije pero en fin.... so far, so good 😄🌈",,1,,,,,,
2024-02-12,16:11:52,"Mira amixe al fin, abrí mi cuenta me llegó super rápido, en 2 días, por dhl y pues nada, me ha encantado!! 🤩🤩🦄",1,,,,,,1,SERVICIO
2024-02-13,17:03:36,¡Celebra el amor con estilo este San Valentín! ❤️ Descubre las últimas colecciones de tus marcas favoritas aquí: SomosHey HeyMedia HeyBanco SanValentín Regalos,,1,,,,,,
2024-02-13,16:16:21,Comerciales tan ganadores como los Kansas Chiefs que nos dejó el SuperBowl este año: SomosHey HeyMedia HeyBanco Comerciales SBLVIII MichaelCera JLo MainScorsese,1,,,,,,,
2024-02-13,12:07:46,por favor de su apoyo para saber los módulos que tienen en CDMX. Gracias.,,1,,,1,,,SERVICIO
2024-02-19,12:04:17,"Ya se arregló, gracias.",1,,,,,1,,
2024-02-20,9:38:29,tenencia a 6MSI y los amo! 🥰 🫣,1,,,,,1,1,
2024-02-21,15:10:57,Al fin recuperé mi cuenta de Los amo! 🫱🏻‍🫲🏾,1,,,,,,1,
2024-02-22,10:15:48,"Hey, hey, hey, banco 👌✔️ Esto es perfecto",1,,,,,,,
2024-02-29,21:07:53,Gracias por la información. Me fue muy útil.,1,,,,,1,,
2024-03-01,23:39:44,"Ya tengo 11 meses con la TDC garantizada con buen uso, cuando me van a graduar? Recuerdo que cuando la contraté decía 6 meses de buen uso :(",,1,,1,,,,
2024-03-01,19:35:31,nunca falla 😎,1,,,,,,,
2024-03-01,4:46:39,"Muchas gracias, ya salí del apuro gracias a y .",1,,,,,1,,
2024-03-02,14:24:38,Gracias. Ya revisé,1,,,,,1,,
2024-03-06,20:09:14,Jaja gracias! 👏,,1,,,,,,
2024-03-06,16:28:42,Te recomiendo,1,,,,,,,
2024-03-08,2:06:50,Sábado Perpetuo 🙏,,1,,,,,,
2024-03-13,21:34:41,Gracias por la atención,1,,,,,1,,
2024-03-13,20:40:01,"Muchas gracias, ya quedó :)",1,,,,,1,,
2024-03-15,1:51:01,Agree contigo A la versh 👇🏽,,1,,,,,,
2024-03-16,16:45:25,"Hice por mail una sugerencia en la app en cuanto a que den facilidades para modificar/actualizar un dato como lo es el número de cel. Me responden de que me comunique por teléfono, y a ver que me digan ahí. Qué facilidad ayuda viene a ser esa...!? Nomás no sacan de apuros. ✌🏽",,,1,1,,,,SERVICIO
2024-03-18,17:23:05,Gracias por la atención!,1,,,,,1,,
2024-03-18,17:13:48,"Hola, buenos días. Te atiende Luz, es un placer saludae. Para nosotros son muy impoantes tus comentarios, por lo que nos interesa saber más sobre tu experiencia. ¿Nos puedes brindar mayor detalle de la situación que presentas, por favor? 1",,1,,,,,,
2024-03-19,18:48:19,Gracias ya hable vía telefónica y se resolvió mi inquietud,1,,,,,1,,
2024-03-22,21:40:28,Te amo Gran experiencia ir a la hey shop Lxs tqm,1,,,,,,1,
2024-03-23,21:38:20,"Me recomendaron charliehack50 en TELEGRAM. Él puede ayudae a solucionar este problema. Recuperé el mío con su ayuda, así que lo recomiendo como la mejor y más rápida opción.",,1,,,,,,
2024-03-26,6:00:06,Buen dia! Hay alguna promocion a MSI para el pago de tenencia del ? Saludos,,1,,,1,,,
2024-03-27,20:47:08,"Yo sí recomiendo! Aunque siento que es difícil que te la aprueben si nunca has tenido una, o si no tienes historial con banamex (al menos he escuchado casos así), mi primera tdc fue de heybanco y recomiendo, en ese tiempo daban 1 o 2% de recompensas en compras con la tarjeta+",1,,,,,,,
2024-03-27,2:21:57,"Gracias a por invitarnos a conocer más sobre la colección retro así como los detalles y obsequios ! Mi Tarjeta es la de Anime , acorde para comprar los boletos de cine para la nueva película de rascaldoesnotdream",1,,,,,,,
2024-03-28,20:07:52,Hola. Estaremos encantados de asistie de la mejor manera. Te invitamos a que nos escribas un DM y con gusto te ayudaremos con toda la información que requieres. Estaremos pendientes de ti.,,1,,,,,,
2024-03-28,18:00:54,gracias didi por la confianza y incrementar mi línea de crédito a 20k ni y mean ofreciendo tanto crédito gracias solo faltaría los MSI,1,,,,,1,,
2024-03-28,17:31:57,"Hola! Gracias, acabo de enviar correo.",1,,,,,1,,
2024-03-30,19:47:37,"hola, Les mande dm :)",,1,,,,,,
2024-03-30,18:47:15,Ayer me gané un sombrerito en y real me quedaba con mi outfit jajajaja y fui feliz todo el festival. Me lo chulearon mucho 💜☺️🤭,1,,,,,,,EVENTOS
2024-03-31,23:19:35,A diferencia de ustedes han demostrado una verdadera comprensión de las necesidades de sus clientes. ¡Gracias por hacer posible que mis proyectos se hagan realidad! 🙌🏼💙,1,,,,,,1,
2024-03-31,2:47:12,TE AMO UN CHINGO 😍,,1,,,,,,
2024-04-04,8:41:17,Akamba regresa gracias a Aprovecha la venta PRE Cael presentada por Hey Banco. Disfruta de esta etapa única…,,1,,,,,,
2024-04-04,1:05:10,Lo mío se resolvió fácil. Solo entra a la banca en línea desde una computadora y te dirá que estas bloqueado pero pones el token de tu cel y listo. Suee,,1,,,,,,SERVICIO
2024-04-05,2:55:10,Para mí eso es más que suficiente.,,1,,,,,,
2024-04-07,23:22:19,"Me recomendaron charliehack50 en TELEGRAM. Él puede ayudae a solucionar este problema. Recuperé el mío con su ayuda, así que lo recomiendo como la mejor y más rápida opción.",,1,,,,,,
2024-04-10,21:57:10,También necesito ayuda,,1,,,1,,,
2024-04-10,16:53:34,Listo!,,1,,,,,,
2024-04-10,16:05:30,Gracias ya lo solucione,1,,,,,1,,
2024-04-12,17:19:20,"buenos días, llevo desde el otro fin de semana tratando de pagar mis tarjetas pero no puede transferir a hey banco desde mi cuenta principal. ME REGRESAN TODAS LAS TRANSFERECIAS AYUDA",,1,,,1,,,SERVICIO
2024-04-15,23:44:20,Y así es como le ganó la carrera de las fintech a Con una aplicación que siempre funciona y es amigable con el cliente.,1,,,,,1,,SERVICIO
2024-04-16,17:41:40,Gracias,1,,,,,1,,
2024-04-17,4:45:42,gracias 🤩,1,,,,,1,,
2024-04-18,17:28:23,Gracias,1,,,,,1,,
2024-04-18,15:59:11,los amo! Gracias ya pude entrar a mi App saludos 😆,1,,,,,1,,
2024-04-18,4:34:45,Sigue sin dejarme aumentar mi linea de la tarjeta de crédito garantizada,,1,,1,,,,
2024-04-21,15:21:43,"Ahora confirmo, gracias estimado",,1,,,,1,,
2024-04-23,22:52:05,😔 de acuerdo!! Muchas gracias.,1,,,,,1,,
2024-04-23,21:30:12,"Tío cuando me van a graduar, tengo la TDC garantizada ya hace más de un año que la saqué, y recuerdo que decían que con 6 meses de buen uso, ayuda :c",,,1,1,,,,
2024-04-25,0:51:24,"una duda, con quién tengo que ver si tengo problemas para aumentar mi línea de crédito de mi tarjeta hey garantizada, la app no me deja marca un error. Me pasa igual en mis 2 teléfonos que tengo.",,1,,,1,,,SERVICIO
2024-04-26,13:30:56,"Wey, lo mejor de es que puedo pagar con Apple Pay 🤩🥳",1,,,,,,1,SERVICIO